Entry ID,Contest Name,Contest ID,Entry Fee,PG,SG,SF,PF,C,G,F,UTIL,,Instructions
4654511644,NBA $30K Sharpshooter [$5K to 1st],174440684,$3,,,,,,,,,,1. Column A lists all of your contest entries for this draftgroup
4654511645,NBA $30K Sharpshooter [$5K to 1st],174440684,$3,,,,,,,,,,2. Your current lineup is listed next to each entry (blank for reservations)
4654511646,NBA $30K Sharpshooter [$5K to 1st],174440684,$3,,,,,,,,,,3. You can change the lineup for an entry by entering the IDs of the players in the row next to that entry
4654511647,NBA $30K Sharpshooter [$5K to 1st],174440684,$3,,,,,,,,,,4. Use data from the Name+ID column or the ID column; you cannot use just the player's name
4654511648,NBA $30K Sharpshooter [$5K to 1st],174440684,$3,,,,,,,,,,5. For faster processing only include entries you are changing in the file you upload
4654511649,NBA $30K Sharpshooter [$5K to 1st],174440684,$3,,,,,,,,,,
4654511650,NBA $30K Sharpshooter [$5K to 1st],174440684,$3,,,,,,,,,,Position,Name + ID,Name,ID,Roster Position,Salary,Game Info,TeamAbbrev,AvgPointsPerGame
4654511651,NBA $30K Sharpshooter [$5K to 1st],174440684,$3,,,,,,,,,,PG,Shai Gilgeous-Alexander (37838798),Shai Gilgeous-Alexander,37838798,PG/G/UTIL,10600,HOU@OKC 03/03/2025 08:00PM ET,OKC,53.31
4654511652,NBA $30K Sharpshooter [$5K to 1st],174440684,$3,,,,,,,,,,PG,Cade Cunningham (37838801),Cade Cunningham,37838801,PG/G/UTIL,10100,DET@UTA 03/03/2025 09:00PM ET,DET,50.65
4654511653,NBA $30K Sharpshooter [$5K to 1st],174440684,$3,,,,,,,,,,PF,Anthony Davis (37838804),Anthony Davis,37838804,PF/F/UTIL,10000,SAC@DAL 03/03/2025 08:30PM ET,DAL,53.12
,,,,,,,,,,,,,PG,LaMelo Ball (37838807),LaMelo Ball,37838807,PG/G/UTIL,9700,GSW@CHA 03/03/2025 07:00PM ET,CHA,46.69
,,,,,,,,,,,,,PG,Trae Young (37838810),Trae Young,37838810,PG/G/UTIL,9600,ATL@MEM 03/03/2025 08:00PM ET,ATL,47.56
,,,,,,,,,,,,,PG,Kyrie Irving (37838813),Kyrie Irving,37838813,PG/G/UTIL,9500,SAC@DAL 03/03/2025 08:30PM ET,DAL,42.16
,,,,,,,,,,,,,C,Domantas Sabonis (37838816),Domantas Sabonis,37838816,C/UTIL,9400,SAC@DAL 03/03/2025 08:30PM ET,SAC,49.24
,,,,,,,,,,,,,PG,Stephen Curry (37838818),Stephen Curry,37838818,PG/G/UTIL,9200,GSW@CHA 03/03/2025 07:00PM ET,GSW,42.86
,,,,,,,,,,,,,PG,Tyrese Maxey (37838821),Tyrese Maxey,37838821,PG/G/UTIL,9000,POR@PHI 03/03/2025 07:00PM ET,PHI,45.16
,,,,,,,,,,,,,C,Alperen Sengun (37838824),Alperen Sengun,37838824,C/UTIL,8900,HOU@OKC 03/03/2025 08:00PM ET,HOU,43.38
,,,,,,,,,,,,,PG,Tyler Herro (37838826),Tyler Herro,37838826,PG/G/UTIL,8800,WAS@MIA 03/03/2025 07:30PM ET,MIA,42.01
,,,,,,,,,,,,,PF,Miles Bridges (37838829),Miles Bridges,37838829,PF/F/UTIL,8500,GSW@CHA 03/03/2025 07:00PM ET,CHA,38.4
,,,,,,,,,,,,,PF/C,Bam Adebayo (37838832),Bam Adebayo,37838832,PF/C/F/UTIL,8400,WAS@MIA 03/03/2025 07:30PM ET,MIA,39.99
,,,,,,,,,,,,,PG,Ja Morant (37838836),Ja Morant,37838836,PG/G/UTIL,8300,ATL@MEM 03/03/2025 08:00PM ET,MEM,39.43
,,,,,,,,,,,,,PG/SF,Amen Thompson (37838839),Amen Thompson,37838839,PG/SF/F/G/UTIL,8200,HOU@OKC 03/03/2025 08:00PM ET,HOU,34.40
,,,,,,,,,,,,,SF/PF,Jalen Williams (37838844),Jalen Williams,37838844,SF/PF/F/UTIL,8100,HOU@OKC 03/03/2025 08:00PM ET,OKC,40.62
,,,,,,,,,,,,,PF/C,Jaren Jackson Jr. (37838848),Jaren Jackson Jr.,37838848,PF/C/F/UTIL,8000,ATL@MEM 03/03/2025 08:00PM ET,MEM,39.68
,,,,,,,,,,,,,C,Mark Williams (37838852),Mark Williams,37838852,C/UTIL,7900,GSW@CHA 03/03/2025 07:00PM ET,CHA,35.10
,,,,,,,,,,,,,SG/SF,Zach LaVine (37838854),Zach LaVine,37838854,SG/SF/F/G/UTIL,7800,SAC@DAL 03/03/2025 08:30PM ET,SAC,38.75
,,,,,,,,,,,,,PG/SG,Malik Monk (37838859),Malik Monk,37838859,PG/SG/G/UTIL,7700,SAC@DAL 03/03/2025 08:30PM ET,SAC,34.69
,,,,,,,,,,,,,SF/PF,Jimmy Butler (37838870),Jimmy Butler,37838870,SF/PF/F/UTIL,7600,GSW@CHA 03/03/2025 07:00PM ET,GSW,33.93
,,,,,,,,,,,,,SG,Desmond Bane (37838863),Desmond Bane,37838863,SG/G/UTIL,7600,ATL@MEM 03/03/2025 08:00PM ET,MEM,36.96
,,,,,,,,,,,,,SF/PF,Paul George (37838866),Paul George,37838866,SF/PF/F/UTIL,7500,POR@PHI 03/03/2025 07:00PM ET,PHI,34.18
,,,,,,,,,,,,,SF,DeMar DeRozan (37838874),DeMar DeRozan,37838874,SF/F/UTIL,7400,SAC@DAL 03/03/2025 08:30PM ET,SAC,35.44
,,,,,,,,,,,,,SG,Jalen Green (37838880),Jalen Green,37838880,SG/G/UTIL,7300,HOU@OKC 03/03/2025 08:00PM ET,HOU,34.24
,,,,,,,,,,,,,PF/C,PJ Washington (37838883),PJ Washington,37838883,PF/C/F/UTIL,7200,SAC@DAL 03/03/2025 08:30PM ET,DAL,32.33
,,,,,,,,,,,,,PG,Jordan Poole (37838877),Jordan Poole,37838877,PG/G/UTIL,7200,WAS@MIA 03/03/2025 07:30PM ET,WAS,36.14
,,,,,,,,,,,,,C,Daniel Gafford (37838891),Daniel Gafford,37838891,C/UTIL,7100,SAC@DAL 03/03/2025 08:30PM ET,DAL,27.24
,,,,,,,,,,,,,PF/C,Chet Holmgren (37838887),Chet Holmgren,37838887,PF/C/F/UTIL,7100,HOU@OKC 03/03/2025 08:00PM ET,OKC,35.94
,,,,,,,,,,,,,PG/SG,Anfernee Simons (37838893),Anfernee Simons,37838893,PG/SG/G/UTIL,7000,POR@PHI 03/03/2025 07:00PM ET,POR,31.93
,,,,,,,,,,,,,C,Jalen Duren (37838897),Jalen Duren,37838897,C/UTIL,6900,DET@UTA 03/03/2025 09:00PM ET,DET,31.55
,,,,,,,,,,,,,SF,Lauri Markkanen (37838899),Lauri Markkanen,37838899,SF/F/UTIL,6900,DET@UTA 03/03/2025 09:00PM ET,UTA,32.55
,,,,,,,,,,,,,C,Walker Kessler (37838902),Walker Kessler,37838902,C/UTIL,6800,DET@UTA 03/03/2025 09:00PM ET,UTA,35.04
,,,,,,,,,,,,,PG/SG,Dyson Daniels (37838912),Dyson Daniels,37838912,PG/SG/G/UTIL,6800,ATL@MEM 03/03/2025 08:00PM ET,ATL,34.33
,,,,,,,,,,,,,SF,Andrew Wiggins (37838904),Andrew Wiggins,37838904,SF/F/UTIL,6800,WAS@MIA 03/03/2025 07:30PM ET,MIA,31.03
,,,,,,,,,,,,,PG,Keyonte George (37838909),Keyonte George,37838909,PG/G/UTIL,6700,DET@UTA 03/03/2025 09:00PM ET,UTA,32.15
,,,,,,,,,,,,,SF/PF,Deni Avdija (37838916),Deni Avdija,37838916,SF/PF/F/UTIL,6700,POR@PHI 03/03/2025 07:00PM ET,POR,30.95
,,,,,,,,,,,,,C,Isaiah Hartenstein (37838907),Isaiah Hartenstein,37838907,C/UTIL,6700,HOU@OKC 03/03/2025 08:00PM ET,OKC,34.84
,,,,,,,,,,,,,PF/C,John Collins (37838920),John Collins,37838920,PF/C/F/UTIL,6600,DET@UTA 03/03/2025 09:00PM ET,UTA,35.86
,,,,,,,,,,,,,PG,Fred VanVleet (37838924),Fred VanVleet,37838924,PG/G/UTIL,6600,HOU@OKC 03/03/2025 08:00PM ET,HOU,32.74
,,,,,,,,,,,,,PG,Isaiah Collier (37838927),Isaiah Collier,37838927,PG/G/UTIL,6500,DET@UTA 03/03/2025 09:00PM ET,UTA,21.54
,,,,,,,,,,,,,PF,Santi Aldama (37838930),Santi Aldama,37838930,PF/F/UTIL,6400,ATL@MEM 03/03/2025 08:00PM ET,MEM,28.86
,,,,,,,,,,,,,SG/SF,Bilal Coulibaly (37838938),Bilal Coulibaly,37838938,SG/SF/F/G/UTIL,6300,WAS@MIA 03/03/2025 07:30PM ET,WAS,27.64
,,,,,,,,,,,,,SG/SF,Kelly Oubre Jr. (37838933),Kelly Oubre Jr.,37838933,SG/SF/F/G/UTIL,6300,POR@PHI 03/03/2025 07:00PM ET,PHI,29.67
,,,,,,,,,,,,,SG,Jordan Clarkson (37838943),Jordan Clarkson,37838943,SG/G/UTIL,6200,DET@UTA 03/03/2025 09:00PM ET,UTA,28.77
,,,,,,,,,,,,,SG/SF,Shaedon Sharpe (37838946),Shaedon Sharpe,37838946,SG/SF/F/G/UTIL,6200,POR@PHI 03/03/2025 07:00PM ET,POR,28.19
,,,,,,,,,,,,,PG/SG,Collin Sexton (37838954),Collin Sexton,37838954,PG/SG/G/UTIL,6100,DET@UTA 03/03/2025 09:00PM ET,UTA,29.16
,,,,,,,,,,,,,C,Onyeka Okongwu (37838958),Onyeka Okongwu,37838958,C/UTIL,6100,ATL@MEM 03/03/2025 08:00PM ET,ATL,29.56
,,,,,,,,,,,,,SG/SF,Toumani Camara (37838960),Toumani Camara,37838960,SG/SF/F/G/UTIL,6100,POR@PHI 03/03/2025 07:00PM ET,POR,25.67
,,,,,,,,,,,,,PF,Jonathan Kuminga (37838951),Jonathan Kuminga,37838951,PF/F/UTIL,6000,GSW@CHA 03/03/2025 07:00PM ET,GSW,29.12
,,,,,,,,,,,,,C,Deandre Ayton (37838965),Deandre Ayton,37838965,C/UTIL,6000,POR@PHI 03/03/2025 07:00PM ET,POR,32.95
,,,,,,,,,,,,,C,Draymond Green (37838967),Draymond Green,37838967,C/UTIL,5900,GSW@CHA 03/03/2025 07:00PM ET,GSW,28.93
,,,,,,,,,,,,,PG/SG,Brandin Podziemski (37838969),Brandin Podziemski,37838969,PG/SG/G/UTIL,5900,GSW@CHA 03/03/2025 07:00PM ET,GSW,24.04
,,,,,,,,,,,,,PF,Tobias Harris (37838975),Tobias Harris,37838975,PF/F/UTIL,5800,DET@UTA 03/03/2025 09:00PM ET,DET,28.14
,,,,,,,,,,,,,C,Kel'el Ware (37838973),Kel'el Ware,37838973,C/UTIL,5800,WAS@MIA 03/03/2025 07:30PM ET,MIA,21.46
,,,,,,,,,,,,,SG,Quentin Grimes (37838978),Quentin Grimes,37838978,SG/G/UTIL,5800,POR@PHI 03/03/2025 07:00PM ET,PHI,22.06
,,,,,,,,,,,,,SF/PF,Khris Middleton (37838986),Khris Middleton,37838986,SF/PF/F/UTIL,5700,WAS@MIA 03/03/2025 07:30PM ET,WAS,25.76
,,,,,,,,,,,,,C,Donovan Clingan (37838981),Donovan Clingan,37838981,C/UTIL,5700,POR@PHI 03/03/2025 07:00PM ET,POR,19.06
,,,,,,,,,,,,,C,Dereck Lively II (37838990),Dereck Lively II,37838990,C/UTIL,5600,SAC@DAL 03/03/2025 08:30PM ET,DAL,27.02
,,,,,,,,,,,,,PF,Jerami Grant (37838983),Jerami Grant,37838983,PF/F/UTIL,5600,POR@PHI 03/03/2025 07:00PM ET,POR,26.33
,,,,,,,,,,,,,PG,Scoot Henderson (37838992),Scoot Henderson,37838992,PG/G/UTIL,5600,POR@PHI 03/03/2025 07:00PM ET,POR,26.65
,,,,,,,,,,,,,C,Kyle Filipowski (37838995),Kyle Filipowski,37838995,C/UTIL,5500,DET@UTA 03/03/2025 09:00PM ET,UTA,17.90
,,,,,,,,,,,,,SG/SF,Klay Thompson (37838997),Klay Thompson,37838997,SG/SF/F/G/UTIL,5500,SAC@DAL 03/03/2025 08:30PM ET,DAL,24.89
,,,,,,,,,,,,,PF,Tari Eason (37839002),Tari Eason,37839002,PF/F/UTIL,5500,HOU@OKC 03/03/2025 08:00PM ET,HOU,26.85
,,,,,,,,,,,,,C,Jonas Valanciunas (37839005),Jonas Valanciunas,37839005,C/UTIL,5400,SAC@DAL 03/03/2025 08:30PM ET,SAC,25.84
,,,,,,,,,,,,,SF/PF,Naji Marshall (37839007),Naji Marshall,37839007,SF/PF/F/UTIL,5400,SAC@DAL 03/03/2025 08:30PM ET,DAL,22.12
,,,,,,,,,,,,,SF/PF,Ausar Thompson (37839013),Ausar Thompson,37839013,SF/PF/F/UTIL,5300,DET@UTA 03/03/2025 09:00PM ET,DET,23.23
,,,,,,,,,,,,,SG/SF,Max Christie (37839017),Max Christie,37839017,SG/SF/F/G/UTIL,5300,SAC@DAL 03/03/2025 08:30PM ET,DAL,18.58
,,,,,,,,,,,,,C,Alexandre Sarr (37839011),Alexandre Sarr,37839011,C/UTIL,5300,WAS@MIA 03/03/2025 07:30PM ET,WAS,27.82
,,,,,,,,,,,,,C,Moses Brown (37839022),Moses Brown,37839022,C/UTIL,5200,SAC@DAL 03/03/2025 08:30PM ET,DAL,11.54
,,,,,,,,,,,,,PF,Keegan Murray (37839024),Keegan Murray,37839024,PF/F/UTIL,5200,SAC@DAL 03/03/2025 08:30PM ET,SAC,27.29
,,,,,,,,,,,,,PF,Kyshawn George (37839031),Kyshawn George,37839031,PF/F/UTIL,5200,WAS@MIA 03/03/2025 07:30PM ET,WAS,20.10
,,,,,,,,,,,,,SF/PF,Aaron Wiggins (37839027),Aaron Wiggins,37839027,SF/PF/F/UTIL,5200,HOU@OKC 03/03/2025 08:00PM ET,OKC,20.79
,,,,,,,,,,,,,SG/SF,Caris LeVert (37839040),Caris LeVert,37839040,SG/SF/F/G/UTIL,5100,ATL@MEM 03/03/2025 08:00PM ET,ATL,22.97
,,,,,,,,,,,,,C,Richaun Holmes (37839034),Richaun Holmes,37839034,C/UTIL,5100,WAS@MIA 03/03/2025 07:30PM ET,WAS,18.04
,,,,,,,,,,,,,PF/C,Guerschon Yabusele (37839036),Guerschon Yabusele,37839036,PF/C/F/UTIL,5100,POR@PHI 03/03/2025 07:00PM ET,PHI,23.30
,,,,,,,,,,,,,PF/C,Jabari Smith Jr. (37839045),Jabari Smith Jr.,37839045,PF/C/F/UTIL,5100,HOU@OKC 03/03/2025 08:00PM ET,HOU,24.16
,,,,,,,,,,,,,SG/SF,Nick Smith Jr. (37839060),Nick Smith Jr.,37839060,SG/SF/F/G/UTIL,5000,GSW@CHA 03/03/2025 07:00PM ET,CHA,15.43
,,,,,,,,,,,,,SG/SF,Malik Beasley (37839053),Malik Beasley,37839053,SG/SF/F/G/UTIL,5000,DET@UTA 03/03/2025 09:00PM ET,DET,26.36
,,,,,,,,,,,,,PG/SG,Carlton Carrington (37839049),Carlton Carrington,37839049,PG/SG/G/UTIL,5000,WAS@MIA 03/03/2025 07:30PM ET,WAS,21.89
,,,,,,,,,,,,,C,Andre Drummond (37839058),Andre Drummond,37839058,C/UTIL,5000,POR@PHI 03/03/2025 07:00PM ET,PHI,19.98
,,,,,,,,,,,,,SF/PF,Josh Green (37839067),Josh Green,37839067,SF/PF/F/UTIL,4900,GSW@CHA 03/03/2025 07:00PM ET,CHA,16.39
,,,,,,,,,,,,,C,Zach Edey (37839065),Zach Edey,37839065,C/UTIL,4900,ATL@MEM 03/03/2025 08:00PM ET,MEM,23.70
,,,,,,,,,,,,,SG/SF,Luguentz Dort (37839071),Luguentz Dort,37839071,SG/SF/F/G/UTIL,4900,HOU@OKC 03/03/2025 08:00PM ET,OKC,21.40
,,,,,,,,,,,,,SF/PF,Brice Sensabaugh (37839086),Brice Sensabaugh,37839086,SF/PF/F/UTIL,4800,DET@UTA 03/03/2025 09:00PM ET,UTA,16.26
,,,,,,,,,,,,,SG/SF,Jaylen Wells (37839081),Jaylen Wells,37839081,SG/SF/F/G/UTIL,4800,ATL@MEM 03/03/2025 08:00PM ET,MEM,19.64
,,,,,,,,,,,,,C,Nikola Jovic (37839076),Nikola Jovic,37839076,C/UTIL,4800,WAS@MIA 03/03/2025 07:30PM ET,MIA,22.32
,,,,,,,,,,,,,PF,Dillon Brooks (37839090),Dillon Brooks,37839090,PF/F/UTIL,4800,HOU@OKC 03/03/2025 08:00PM ET,HOU,23.58
,,,,,,,,,,,,,PF,Josh Okogie (37839078),Josh Okogie,37839078,PF/F/UTIL,4700,GSW@CHA 03/03/2025 07:00PM ET,CHA,15.23
,,,,,,,,,,,,,PG/SG,Malcolm Brogdon (37839104),Malcolm Brogdon,37839104,PG/SG/G/UTIL,4700,WAS@MIA 03/03/2025 07:30PM ET,WAS,24.74
,,,,,,,,,,,,,C,Jaylin Williams (37839093),Jaylin Williams,37839093,C/UTIL,4700,HOU@OKC 03/03/2025 08:00PM ET,OKC,17.60
,,,,,,,,,,,,,C,Quinten Post (37839102),Quinten Post,37839102,C/UTIL,4600,GSW@CHA 03/03/2025 07:00PM ET,GSW,17.43
,,,,,,,,,,,,,PF,KJ Martin (37839125),KJ Martin,37839125,PF/F/UTIL,4600,DET@UTA 03/03/2025 09:00PM ET,UTA,14.28
,,,,,,,,,,,,,PG,Vit Krejci (37839099),Vit Krejci,37839099,PG/G/UTIL,4600,ATL@MEM 03/03/2025 08:00PM ET,ATL,17.06
,,,,,,,,,,,,,PG/SG,Davion Mitchell (37839095),Davion Mitchell,37839095,PG/SG/G/UTIL,4600,WAS@MIA 03/03/2025 07:30PM ET,MIA,17.92
,,,,,,,,,,,,,SF/PF,Moses Moody (37839108),Moses Moody,37839108,SF/PF/F/UTIL,4500,GSW@CHA 03/03/2025 07:00PM ET,GSW,16.56
,,,,,,,,,,,,,PG/SG,Luke Kennard (37839117),Luke Kennard,37839117,PG/SG/G/UTIL,4500,ATL@MEM 03/03/2025 08:00PM ET,MEM,19.96
,,,,,,,,,,,,,SF/PF,Zaccharie Risacher (37839121),Zaccharie Risacher,37839121,SF/PF/F/UTIL,4500,ATL@MEM 03/03/2025 08:00PM ET,ATL,20.50
,,,,,,,,,,,,,SG/SF,Duncan Robinson (37839112),Duncan Robinson,37839112,SG/SF/F/G/UTIL,4500,WAS@MIA 03/03/2025 07:30PM ET,MIA,19.83
,,,,,,,,,,,,,PG,Scotty Pippen Jr. (37839128),Scotty Pippen Jr.,37839128,PG/G/UTIL,4400,ATL@MEM 03/03/2025 08:00PM ET,MEM,22.14
,,,,,,,,,,,,,SF/PF,Jaime Jaquez Jr. (37839131),Jaime Jaquez Jr.,37839131,SF/PF/F/UTIL,4400,WAS@MIA 03/03/2025 07:30PM ET,MIA,20.76
,,,,,,,,,,,,,SF/PF,Corey Kispert (37839140),Corey Kispert,37839140,SF/PF/F/UTIL,4400,WAS@MIA 03/03/2025 07:30PM ET,WAS,20.01
,,,,,,,,,,,,,SG/SF,Alex Caruso (37839135),Alex Caruso,37839135,SG/SF/F/G/UTIL,4400,HOU@OKC 03/03/2025 08:00PM ET,OKC,18.15
,,,,,,,,,,,,,SG/SF,Johnny Juzang (37839159),Johnny Juzang,37839159,SG/SF/F/G/UTIL,4300,DET@UTA 03/03/2025 09:00PM ET,UTA,13.79
,,,,,,,,,,,,,PF,Caleb Martin (37839144),Caleb Martin,37839144,PF/F/UTIL,4300,SAC@DAL 03/03/2025 08:30PM ET,DAL,21.26
,,,,,,,,,,,,,PG/SG,Keon Ellis (37839164),Keon Ellis,37839164,PG/SG/G/UTIL,4300,SAC@DAL 03/03/2025 08:30PM ET,SAC,18.07
,,,,,,,,,,,,,SF/PF,Georges Niang (37839151),Georges Niang,37839151,SF/PF/F/UTIL,4300,ATL@MEM 03/03/2025 08:00PM ET,ATL,18.00
,,,,,,,,,,,,,PG/SG,Terry Rozier (37839155),Terry Rozier,37839155,PG/SG/G/UTIL,4300,WAS@MIA 03/03/2025 07:30PM ET,MIA,22.58
,,,,,,,,,,,,,SF,Saddiq Bey (37839168),Saddiq Bey,37839168,SF/F/UTIL,4300,WAS@MIA 03/03/2025 07:30PM ET,WAS,0
,,,,,,,,,,,,,PG/SG,Cason Wallace (37839147),Cason Wallace,37839147,PG/SG/G/UTIL,4300,HOU@OKC 03/03/2025 08:00PM ET,OKC,20.22
,,,,,,,,,,,,,PG/SG,Damion Baugh (37839171),Damion Baugh,37839171,PG/SG/G/UTIL,4200,GSW@CHA 03/03/2025 07:00PM ET,CHA,21.62
,,,,,,,,,,,,,PG/SG,Dennis Schroder (37839180),Dennis Schroder,37839180,PG/SG/G/UTIL,4200,DET@UTA 03/03/2025 09:00PM ET,DET,27.01
,,,,,,,,,,,,,SG/SF,Dante Exum (37839175),Dante Exum,37839175,SG/SF/F/G/UTIL,4200,SAC@DAL 03/03/2025 08:30PM ET,DAL,18.85
,,,,,,,,,,,,,C,Clint Capela (37839194),Clint Capela,37839194,C/UTIL,4200,ATL@MEM 03/03/2025 08:00PM ET,ATL,24.56
,,,,,,,,,,,,,SG/SF,Marcus Smart (37839189),Marcus Smart,37839189,SG/SF/F/G/UTIL,4200,WAS@MIA 03/03/2025 07:30PM ET,WAS,19.38
,,,,,,,,,,,,,C,Jabari Walker (37839187),Jabari Walker,37839187,C/UTIL,4200,POR@PHI 03/03/2025 07:00PM ET,POR,10.58
,,,,,,,,,,,,,SG,Isaiah Joe (37839184),Isaiah Joe,37839184,SG/G/UTIL,4200,HOU@OKC 03/03/2025 08:00PM ET,OKC,17.18
,,,,,,,,,,,,,C,Jusuf Nurkic (37839196),Jusuf Nurkic,37839196,C/UTIL,4100,GSW@CHA 03/03/2025 07:00PM ET,CHA,26.47
,,,,,,,,,,,,,SG/SF,Svi Mykhailiuk (37839203),Svi Mykhailiuk,37839203,SG/SF/F/G/UTIL,4100,DET@UTA 03/03/2025 09:00PM ET,UTA,17.53
,,,,,,,,,,,,,PG/SG,Spencer Dinwiddie (37839208),Spencer Dinwiddie,37839208,PG/SG/G/UTIL,4100,SAC@DAL 03/03/2025 08:30PM ET,DAL,20.72
,,,,,,,,,,,,,SG/SF,Vince Williams Jr. (37839198),Vince Williams Jr.,37839198,SG/SF/F/G/UTIL,4100,ATL@MEM 03/03/2025 08:00PM ET,MEM,15.3
,,,,,,,,,,,,,SG/SF,Buddy Hield (37839212),Buddy Hield,37839212,SG/SF/F/G/UTIL,4000,GSW@CHA 03/03/2025 07:00PM ET,GSW,20.91
,,,,,,,,,,,,,PG,KJ Simpson (37839217),KJ Simpson,37839217,PG/G/UTIL,4000,GSW@CHA 03/03/2025 07:00PM ET,CHA,16.28
,,,,,,,,,,,,,C,Moussa Diabate (37839220),Moussa Diabate,37839220,C/UTIL,4000,GSW@CHA 03/03/2025 07:00PM ET,CHA,17.70
,,,,,,,,,,,,,SF,Cody Williams (37839229),Cody Williams,37839229,SF/F/UTIL,4000,DET@UTA 03/03/2025 09:00PM ET,UTA,10.47
,,,,,,,,,,,,,PG/SF,Terance Mann (37839224),Terance Mann,37839224,PG/SF/F/G/UTIL,4000,ATL@MEM 03/03/2025 08:00PM ET,ATL,14.63
,,,,,,,,,,,,,C,Robert Williams (37839222),Robert Williams,37839222,C/UTIL,4000,POR@PHI 03/03/2025 07:00PM ET,POR,18.95
,,,,,,,,,,,,,SG/SF,Tim Hardaway Jr. (37839234),Tim Hardaway Jr.,37839234,SG/SF/F/G/UTIL,3900,DET@UTA 03/03/2025 09:00PM ET,DET,17.57
,,,,,,,,,,,,,C,Dwight Powell (37839232),Dwight Powell,37839232,C/UTIL,3900,SAC@DAL 03/03/2025 08:30PM ET,DAL,6.88
,,,,,,,,,,,,,PF,Tidjane Salaun (37839255),Tidjane Salaun,37839255,PF/F/UTIL,3800,GSW@CHA 03/03/2025 07:00PM ET,CHA,13.39
,,,,,,,,,,,,,PF/C,Brandon Clarke (37839243),Brandon Clarke,37839243,PF/C/F/UTIL,3800,ATL@MEM 03/03/2025 08:00PM ET,MEM,18.20
,,,,,,,,,,,,,PG/SG,Dalano Banton (37839239),Dalano Banton,37839239,PG/SG/G/UTIL,3800,POR@PHI 03/03/2025 07:00PM ET,POR,16.46
,,,,,,,,,,,,,SF/PF,Kris Murray (37839247),Kris Murray,37839247,SF/PF/F/UTIL,3800,POR@PHI 03/03/2025 07:00PM ET,POR,9.44
,,,,,,,,,,,,,SF/PF,Justin Edwards (37839251),Justin Edwards,37839251,SF/PF/F/UTIL,3800,POR@PHI 03/03/2025 07:00PM ET,PHI,16.18
,,,,,,,,,,,,,C,Steven Adams (37839258),Steven Adams,37839258,C/UTIL,3800,HOU@OKC 03/03/2025 08:00PM ET,HOU,12.75
,,,,,,,,,,,,,SG/SF,Gary Payton II (37839260),Gary Payton II,37839260,SG/SF/F/G/UTIL,3700,GSW@CHA 03/03/2025 07:00PM ET,GSW,12.96
,,,,,,,,,,,,,PF,Micah Potter (37839265),Micah Potter,37839265,PF/F/UTIL,3700,DET@UTA 03/03/2025 09:00PM ET,UTA,11.96
,,,,,,,,,,,,,PF,Olivier-Maxence Prosper (37839268),Olivier-Maxence Prosper,37839268,PF/F/UTIL,3700,SAC@DAL 03/03/2025 08:30PM ET,DAL,8.99
,,,,,,,,,,,,,SF/PF,DaQuan Jeffries (37839282),DaQuan Jeffries,37839282,SF/PF/F/UTIL,3600,GSW@CHA 03/03/2025 07:00PM ET,CHA,12.08
,,,,,,,,,,,,,C,Kevon Looney (37839296),Kevon Looney,37839296,C/UTIL,3600,GSW@CHA 03/03/2025 07:00PM ET,GSW,18
,,,,,,,,,,,,,SF/PF,Jake LaRavia (37839286),Jake LaRavia,37839286,SF/PF/F/UTIL,3600,SAC@DAL 03/03/2025 08:30PM ET,SAC,17.81
,,,,,,,,,,,,,PF/C,Mouhamed Gueye (37839274),Mouhamed Gueye,37839274,PF/C/F/UTIL,3600,ATL@MEM 03/03/2025 08:00PM ET,ATL,13.73
,,,,,,,,,,,,,PF,Justin Champagnie (37839271),Justin Champagnie,37839271,PF/F/UTIL,3600,WAS@MIA 03/03/2025 07:30PM ET,WAS,17.86
,,,,,,,,,,,,,SF/PF,Haywood Highsmith (37839278),Haywood Highsmith,37839278,SF/PF/F/UTIL,3600,WAS@MIA 03/03/2025 07:30PM ET,MIA,15.74
,,,,,,,,,,,,,PG,Aaron Holiday (37839290),Aaron Holiday,37839290,PG/G/UTIL,3600,HOU@OKC 03/03/2025 08:00PM ET,HOU,9.39
,,,,,,,,,,,,,PF,Kenrich Williams (37839293),Kenrich Williams,37839293,PF/F/UTIL,3600,HOU@OKC 03/03/2025 08:00PM ET,OKC,13.11
,,,,,,,,,,,,,C,Trayce Jackson-Davis (37839317),Trayce Jackson-Davis,37839317,C/UTIL,3500,GSW@CHA 03/03/2025 07:00PM ET,GSW,19.64
,,,,,,,,,,,,,SG,Jaden Springer (37839308),Jaden Springer,37839308,SG/G/UTIL,3500,DET@UTA 03/03/2025 09:00PM ET,UTA,5.26
,,,,,,,,,,,,,SF,Ronald Holland II (37839314),Ronald Holland II,37839314,SF/F/UTIL,3500,DET@UTA 03/03/2025 09:00PM ET,DET,12.29
,,,,,,,,,,,,,PG,Jaden Hardy (37839311),Jaden Hardy,37839311,PG/G/UTIL,3500,SAC@DAL 03/03/2025 08:30PM ET,DAL,13.03
,,,,,,,,,,,,,SF/PF,Gregory Jackson (37839304),Gregory Jackson,37839304,SF/PF/F/UTIL,3500,ATL@MEM 03/03/2025 08:00PM ET,MEM,14.82
,,,,,,,,,,,,,C,Tristan Vukcevic (37839298),Tristan Vukcevic,37839298,C/UTIL,3500,WAS@MIA 03/03/2025 07:30PM ET,WAS,11.03
,,,,,,,,,,,,,SF/PF,Kyle Anderson (37839300),Kyle Anderson,37839300,SF/PF/F/UTIL,3500,WAS@MIA 03/03/2025 07:30PM ET,MIA,14.24
,,,,,,,,,,,,,PF,Gui Santos (37839325),Gui Santos,37839325,PF/F/UTIL,3400,GSW@CHA 03/03/2025 07:00PM ET,GSW,10.93
,,,,,,,,,,,,,SG,Seth Curry (37839330),Seth Curry,37839330,SG/G/UTIL,3400,GSW@CHA 03/03/2025 07:00PM ET,CHA,10.71
,,,,,,,,,,,,,C,Isaiah Stewart (37839328),Isaiah Stewart,37839328,C/UTIL,3400,DET@UTA 03/03/2025 09:00PM ET,DET,18.31
,,,,,,,,,,,,,PF/C,Kessler Edwards (37839321),Kessler Edwards,37839321,PF/C/F/UTIL,3400,SAC@DAL 03/03/2025 08:30PM ET,DAL,7.98
,,,,,,,,,,,,,PF/C,Trey Lyles (37839333),Trey Lyles,37839333,PF/C/F/UTIL,3400,SAC@DAL 03/03/2025 08:30PM ET,SAC,15.42
,,,,,,,,,,,,,C,Adem Bona (37839319),Adem Bona,37839319,C/UTIL,3400,POR@PHI 03/03/2025 07:00PM ET,PHI,8.54
,,,,,,,,,,,,,SG/SF,Wendell Moore Jr. (37839346),Wendell Moore Jr.,37839346,SG/SF/F/G/UTIL,3300,GSW@CHA 03/03/2025 07:00PM ET,CHA,9.23
,,,,,,,,,,,,,C,Lamar Stevens (37839337),Lamar Stevens,37839337,C/UTIL,3300,ATL@MEM 03/03/2025 08:00PM ET,MEM,11
,,,,,,,,,,,,,SF,John Konchar (37839339),John Konchar,37839339,SF/F/UTIL,3300,ATL@MEM 03/03/2025 08:00PM ET,MEM,10.10
,,,,,,,,,,,,,PG/SG,Alec Burks (37839342),Alec Burks,37839342,PG/SG/G/UTIL,3300,WAS@MIA 03/03/2025 07:30PM ET,MIA,13.38
,,,,,,,,,,,,,PG/SF,Rayan Rupert (37839355),Rayan Rupert,37839355,PG/SF/F/G/UTIL,3300,POR@PHI 03/03/2025 07:00PM ET,POR,4.85
,,,,,,,,,,,,,PF/C,Ousmane Dieng (37839351),Ousmane Dieng,37839351,PF/C/F/UTIL,3300,HOU@OKC 03/03/2025 08:00PM ET,OKC,9.61
,,,,,,,,,,,,,PG,Malachi Flynn (37839362),Malachi Flynn,37839362,PG/G/UTIL,3200,GSW@CHA 03/03/2025 07:00PM ET,CHA,4
,,,,,,,,,,,,,C,Oscar Tshiebwe (37839360),Oscar Tshiebwe,37839360,C/UTIL,3200,DET@UTA 03/03/2025 09:00PM ET,UTA,18.6
,,,,,,,,,,,,,PF,Simone Fontecchio (37839365),Simone Fontecchio,37839365,PF/F/UTIL,3200,DET@UTA 03/03/2025 09:00PM ET,DET,12.49
,,,,,,,,,,,,,PG/SG,Marcus Sasser (37839368),Marcus Sasser,37839368,PG/SG/G/UTIL,3100,DET@UTA 03/03/2025 09:00PM ET,DET,12.05
,,,,,,,,,,,,,PG,Jeff Dowtin (37839372),Jeff Dowtin,37839372,PG/G/UTIL,3100,POR@PHI 03/03/2025 07:00PM ET,PHI,8.16
,,,,,,,,,,,,,SF/PF,Kevin Knox II (37839378),Kevin Knox II,37839378,SF/PF/F/UTIL,3000,GSW@CHA 03/03/2025 07:00PM ET,GSW,9.35
,,,,,,,,,,,,,C,Taj Gibson (37839465),Taj Gibson,37839465,C/UTIL,3000,GSW@CHA 03/03/2025 07:00PM ET,CHA,9.8
,,,,,,,,,,,,,C,Grant Williams (37839467),Grant Williams,37839467,C/UTIL,3000,GSW@CHA 03/03/2025 07:00PM ET,CHA,24.09
,,,,,,,,,,,,,PG,Tre Mann (37839469),Tre Mann,37839469,PG/G/UTIL,3000,GSW@CHA 03/03/2025 07:00PM ET,CHA,23.88
,,,,,,,,,,,,,PF,Brandon Miller (37839472),Brandon Miller,37839472,PF/F/UTIL,3000,GSW@CHA 03/03/2025 07:00PM ET,CHA,36.81
,,,,,,,,,,,,,PG,Taran Armstrong (37839552),Taran Armstrong,37839552,PG/G/UTIL,3000,GSW@CHA 03/03/2025 07:00PM ET,GSW,0
,,,,,,,,,,,,,PF,Jackson Rowe (37839555),Jackson Rowe,37839555,PF/F/UTIL,3000,GSW@CHA 03/03/2025 07:00PM ET,GSW,7.4
,,,,,,,,,,,,,PG/SG,Yuri Collins (37839558),Yuri Collins,37839558,PG/SG/G/UTIL,3000,GSW@CHA 03/03/2025 07:00PM ET,GSW,7.88
,,,,,,,,,,,,,PG/SG,Pat Spencer (37839562),Pat Spencer,37839562,PG/SG/G/UTIL,3000,GSW@CHA 03/03/2025 07:00PM ET,GSW,7.52
,,,,,,,,,,,,,PG,EJ Harkless (37839494),EJ Harkless,37839494,PG/G/UTIL,3000,DET@UTA 03/03/2025 09:00PM ET,UTA,9.42
,,,,,,,,,,,,,C,Taylor Hendricks (37839497),Taylor Hendricks,37839497,C/UTIL,3000,DET@UTA 03/03/2025 09:00PM ET,UTA,18.08
,,,,,,,,,,,,,PF,Lindy Waters III (37839604),Lindy Waters III,37839604,PF/F/UTIL,3000,DET@UTA 03/03/2025 09:00PM ET,DET,11.16
,,,,,,,,,,,,,C,Paul Reed (37839607),Paul Reed,37839607,C/UTIL,3000,DET@UTA 03/03/2025 09:00PM ET,DET,11.54
,,,,,,,,,,,,,PG,Daniss Jenkins (37839609),Daniss Jenkins,37839609,PG/G/UTIL,3000,DET@UTA 03/03/2025 09:00PM ET,DET,-0.1
,,,,,,,,,,,,,PF,Bobi Klintman (37839612),Bobi Klintman,37839612,PF/F/UTIL,3000,DET@UTA 03/03/2025 09:00PM ET,DET,1.33
,,,,,,,,,,,,,SF,Ron Harper Jr. (37839615),Ron Harper Jr.,37839615,SF/F/UTIL,3000,DET@UTA 03/03/2025 09:00PM ET,DET,0
,,,,,,,,,,,,,C,Tolu Smith (37839618),Tolu Smith,37839618,C/UTIL,3000,DET@UTA 03/03/2025 09:00PM ET,DET,0
,,,,,,,,,,,,,PG,Jaden Ivey (37839620),Jaden Ivey,37839620,PG/G/UTIL,3000,DET@UTA 03/03/2025 09:00PM ET,DET,30.88
,,,,,,,,,,,,,C,Kylor Kelley (37839489),Kylor Kelley,37839489,C/UTIL,3000,SAC@DAL 03/03/2025 08:30PM ET,DAL,7.28
,,,,,,,,,,,,,PG,Brandon Williams (37839491),Brandon Williams,37839491,PG/G/UTIL,3000,SAC@DAL 03/03/2025 08:30PM ET,DAL,7.1
,,,,,,,,,,,,,PG,Markelle Fultz (37839582),Markelle Fultz,37839582,PG/G/UTIL,3000,SAC@DAL 03/03/2025 08:30PM ET,SAC,7.75
,,,,,,,,,,,,,C,Jae Crowder (37839585),Jae Crowder,37839585,C/UTIL,3000,SAC@DAL 03/03/2025 08:30PM ET,SAC,7.54
,,,,,,,,,,,,,PF/C,Isaac Jones (37839587),Isaac Jones,37839587,PF/C/F/UTIL,3000,SAC@DAL 03/03/2025 08:30PM ET,SAC,6.68
,,,,,,,,,,,,,PG/SG,Devin Carter (37839591),Devin Carter,37839591,PG/SG/G/UTIL,3000,SAC@DAL 03/03/2025 08:30PM ET,SAC,9.29
,,,,,,,,,,,,,SF,Doug McDermott (37839595),Doug McDermott,37839595,SF/F/UTIL,3000,SAC@DAL 03/03/2025 08:30PM ET,SAC,4.87
,,,,,,,,,,,,,PF,Isaiah Crawford (37839598),Isaiah Crawford,37839598,PF/F/UTIL,3000,SAC@DAL 03/03/2025 08:30PM ET,SAC,3.29
,,,,,,,,,,,,,SG,Mason Jones (37839601),Mason Jones,37839601,SG/G/UTIL,3000,SAC@DAL 03/03/2025 08:30PM ET,SAC,6.57
,,,,,,,,,,,,,PG,Keaton Wallace (37839400),Keaton Wallace,37839400,PG/G/UTIL,3000,ATL@MEM 03/03/2025 08:00PM ET,ATL,13.01
,,,,,,,,,,,,,PF/C,Marvin Bagley III (37839450),Marvin Bagley III,37839450,PF/C/F/UTIL,3000,ATL@MEM 03/03/2025 08:00PM ET,MEM,9.65
,,,,,,,,,,,,,SG,Cam Spencer (37839454),Cam Spencer,37839454,SG/G/UTIL,3000,ATL@MEM 03/03/2025 08:00PM ET,MEM,8.48
,,,,,,,,,,,,,C,Jay Huff (37839457),Jay Huff,37839457,C/UTIL,3000,ATL@MEM 03/03/2025 08:00PM ET,MEM,13.18
,,,,,,,,,,,,,PG,Yuki Kawamura (37839459),Yuki Kawamura,37839459,PG/G/UTIL,3000,ATL@MEM 03/03/2025 08:00PM ET,MEM,2.79
,,,,,,,,,,,,,PG,Zyon Pullin (37839462),Zyon Pullin,37839462,PG/G/UTIL,3000,ATL@MEM 03/03/2025 08:00PM ET,MEM,0
,,,,,,,,,,,,,SG,Garrison Mathews (37839524),Garrison Mathews,37839524,SG/G/UTIL,3000,ATL@MEM 03/03/2025 08:00PM ET,ATL,14.06
,,,,,,,,,,,,,PF/C,Dominick Barlow (37839527),Dominick Barlow,37839527,PF/C/F/UTIL,3000,ATL@MEM 03/03/2025 08:00PM ET,ATL,6.53
,,,,,,,,,,,,,SG/SF,Daeqwon Plowden (37839531),Daeqwon Plowden,37839531,SG/SF/F/G/UTIL,3000,ATL@MEM 03/03/2025 08:00PM ET,ATL,16.38
,,,,,,,,,,,,,SG/SF,Kevon Harris (37839536),Kevon Harris,37839536,SG/SF/F/G/UTIL,3000,ATL@MEM 03/03/2025 08:00PM ET,ATL,0
,,,,,,,,,,,,,PF/C,Larry Nance Jr. (37839541),Larry Nance Jr.,37839541,PF/C/F/UTIL,3000,ATL@MEM 03/03/2025 08:00PM ET,ATL,19.51
,,,,,,,,,,,,,PF/C,Jalen Johnson (37839545),Jalen Johnson,37839545,PF/C/F/UTIL,3000,ATL@MEM 03/03/2025 08:00PM ET,ATL,44.06
,,,,,,,,,,,,,PG,Kobe Bufkin (37839549),Kobe Bufkin,37839549,PG/G/UTIL,3000,ATL@MEM 03/03/2025 08:00PM ET,ATL,11.28
,,,,,,,,,,,,,PF,Jalen McDaniels (37839375),Jalen McDaniels,37839375,PF/F/UTIL,3000,WAS@MIA 03/03/2025 07:30PM ET,WAS,0.88
,,,,,,,,,,,,,C,Kevin Love (37839431),Kevin Love,37839431,C/UTIL,3000,WAS@MIA 03/03/2025 07:30PM ET,MIA,13.93
,,,,,,,,,,,,,PG,Isaiah Stevens (37839433),Isaiah Stevens,37839433,PG/G/UTIL,3000,WAS@MIA 03/03/2025 07:30PM ET,MIA,0
,,,,,,,,,,,,,SG/SF,Pelle Larsson (37839436),Pelle Larsson,37839436,SG/SF/F/G/UTIL,3000,WAS@MIA 03/03/2025 07:30PM ET,MIA,7.82
,,,,,,,,,,,,,SF,Keshad Johnson (37839441),Keshad Johnson,37839441,SF/F/UTIL,3000,WAS@MIA 03/03/2025 07:30PM ET,MIA,5.08
,,,,,,,,,,,,,PG,Josh Christopher (37839444),Josh Christopher,37839444,PG/G/UTIL,3000,WAS@MIA 03/03/2025 07:30PM ET,MIA,1.97
,,,,,,,,,,,,,PG,Dru Smith (37839447),Dru Smith,37839447,PG/G/UTIL,3000,WAS@MIA 03/03/2025 07:30PM ET,MIA,15.71
,,,,,,,,,,,,,C,Anthony Gill (37839513),Anthony Gill,37839513,C/UTIL,3000,WAS@MIA 03/03/2025 07:30PM ET,WAS,3.63
,,,,,,,,,,,,,SG,Colby Jones (37839515),Colby Jones,37839515,SG/G/UTIL,3000,WAS@MIA 03/03/2025 07:30PM ET,WAS,3.74
,,,,,,,,,,,,,SF,Jaylen Martin (37839518),Jaylen Martin,37839518,SF/F/UTIL,3000,WAS@MIA 03/03/2025 07:30PM ET,WAS,1.5
,,,,,,,,,,,,,PG,AJ Johnson (37839521),AJ Johnson,37839521,PG/G/UTIL,3000,WAS@MIA 03/03/2025 07:30PM ET,WAS,5.36
,,,,,,,,,,,,,C,Joel Embiid (37839403),Joel Embiid,37839403,C/UTIL,3000,POR@PHI 03/03/2025 07:00PM ET,PHI,43.75
,,,,,,,,,,,,,SG/SF,Lonnie Walker IV (37839405),Lonnie Walker IV,37839405,SG/SF/F/G/UTIL,3000,POR@PHI 03/03/2025 07:00PM ET,PHI,7.12
,,,,,,,,,,,,,PG,Jared Butler (37839410),Jared Butler,37839410,PG/G/UTIL,3000,POR@PHI 03/03/2025 07:00PM ET,PHI,13.78
,,,,,,,,,,,,,PF,Ricky Council IV (37839413),Ricky Council IV,37839413,PF/F/UTIL,3000,POR@PHI 03/03/2025 07:00PM ET,PHI,11.91
,,,,,,,,,,,,,C,Alex Reese (37839416),Alex Reese,37839416,C/UTIL,3000,POR@PHI 03/03/2025 07:00PM ET,PHI,3.25
,,,,,,,,,,,,,PG,Jalen Hood-Schifino (37839418),Jalen Hood-Schifino,37839418,PG/G/UTIL,3000,POR@PHI 03/03/2025 07:00PM ET,PHI,4.12
,,,,,,,,,,,,,SF,Eric Gordon (37839421),Eric Gordon,37839421,SF/F/UTIL,3000,POR@PHI 03/03/2025 07:00PM ET,PHI,13.10
,,,,,,,,,,,,,PG/SG,Kyle Lowry (37839424),Kyle Lowry,37839424,PG/SG/G/UTIL,3000,POR@PHI 03/03/2025 07:00PM ET,PHI,13.33
,,,,,,,,,,,,,PG,Jared McCain (37839428),Jared McCain,37839428,PG/G/UTIL,3000,POR@PHI 03/03/2025 07:00PM ET,PHI,23.94
,,,,,,,,,,,,,SG,Bryce McGowens (37839499),Bryce McGowens,37839499,SG/G/UTIL,3000,POR@PHI 03/03/2025 07:00PM ET,POR,2.03
,,,,,,,,,,,,,C,Duop Reath (37839502),Duop Reath,37839502,C/UTIL,3000,POR@PHI 03/03/2025 07:00PM ET,POR,4.87
,,,,,,,,,,,,,SG,Sidy Cissoko (37839504),Sidy Cissoko,37839504,SG/G/UTIL,3000,POR@PHI 03/03/2025 07:00PM ET,POR,2.53
,,,,,,,,,,,,,PF,Justin Minaya (37839507),Justin Minaya,37839507,PF/F/UTIL,3000,POR@PHI 03/03/2025 07:00PM ET,POR,1.46
,,,,,,,,,,,,,PF,Matisse Thybulle (37839510),Matisse Thybulle,37839510,PF/F/UTIL,3000,POR@PHI 03/03/2025 07:00PM ET,POR,0
,,,,,,,,,,,,,PG,Adam Flagler (37839382),Adam Flagler,37839382,PG/G/UTIL,3000,HOU@OKC 03/03/2025 08:00PM ET,OKC,2.67
,,,,,,,,,,,,,PF/C,Jeff Green (37839385),Jeff Green,37839385,PF/C/F/UTIL,3000,HOU@OKC 03/03/2025 08:00PM ET,HOU,9.40
,,,,,,,,,,,,,SG/SF,Cam Whitmore (37839389),Cam Whitmore,37839389,SG/SF/F/G/UTIL,3000,HOU@OKC 03/03/2025 08:00PM ET,HOU,16.27
,,,,,,,,,,,,,C,Jock Landale (37839394),Jock Landale,37839394,C/UTIL,3000,HOU@OKC 03/03/2025 08:00PM ET,HOU,10.18
,,,,,,,,,,,,,SF/PF,Jae'Sean Tate (37839396),Jae'Sean Tate,37839396,SF/PF/F/UTIL,3000,HOU@OKC 03/03/2025 08:00PM ET,HOU,9.03
,,,,,,,,,,,,,PF,Dillon Jones (37839475),Dillon Jones,37839475,PF/F/UTIL,3000,HOU@OKC 03/03/2025 08:00PM ET,OKC,6.41
,,,,,,,,,,,,,SG,Alex Ducas (37839478),Alex Ducas,37839478,SG/G/UTIL,3000,HOU@OKC 03/03/2025 08:00PM ET,OKC,2.98
,,,,,,,,,,,,,C,Branden Carlson (37839481),Branden Carlson,37839481,C/UTIL,3000,HOU@OKC 03/03/2025 08:00PM ET,OKC,5.91
,,,,,,,,,,,,,PG,Nikola Topic (37839483),Nikola Topic,37839483,PG/G/UTIL,3000,HOU@OKC 03/03/2025 08:00PM ET,OKC,0
,,,,,,,,,,,,,PG,Ajay Mitchell (37839486),Ajay Mitchell,37839486,PG/G/UTIL,3000,HOU@OKC 03/03/2025 08:00PM ET,OKC,12.86
,,,,,,,,,,,,,SG,Jack McVeigh (37839566),Jack McVeigh,37839566,SG/G/UTIL,3000,HOU@OKC 03/03/2025 08:00PM ET,HOU,2.83
,,,,,,,,,,,,,PG/SF,Nate Williams (37839569),Nate Williams,37839569,PG/SF/F/G/UTIL,3000,HOU@OKC 03/03/2025 08:00PM ET,HOU,6.53
,,,,,,,,,,,,,PG/SG,Reed Sheppard (37839574),Reed Sheppard,37839574,PG/SG/G/UTIL,3000,HOU@OKC 03/03/2025 08:00PM ET,HOU,8.53
,,,,,,,,,,,,,C,N'Faly Dante (37839578),N'Faly Dante,37839578,C/UTIL,3000,HOU@OKC 03/03/2025 08:00PM ET,HOU,0
,,,,,,,,,,,,,C,Cody Zeller (37839580),Cody Zeller,37839580,C/UTIL,3000,HOU@OKC 03/03/2025 08:00PM ET,HOU,0
