Contest ID,DK Name,Salary,Points Proj,Value,Own Actual,Contest Size,Games Played,Plus,Position,Team,Ceiling,Minutes,Feasibility,Weighted Feasibility,Tournament Feasibility,Team_Contest_Rank,Slot Count,Player_Pool_Size,Proj_Salary_Ratio,Normalized_Value,Log_Proj,Prev_Salary_Mean,Salary_Proj_Interaction,Value_Feasibility_Interaction,Proj_Feasibility_Interaction,Low_Minutes_Flag,Low_Minutes_Penalty,High_Points_Boost,Team_Total_Points_Proj,Player_Points_Percentage,Value_Plus,Ceiling_Plus,Custom_Target,Rank,Preliminary_Predictions,Scaled_Predictions,Group_Rank,Dynamic_Shift,Predicted Ownership
20,Daniel Gafford,4200,38.93,9.27,61.04,5945,7,17.93,C,DAL,14.52,30.0,0.9471,241.0,6.451492368143647e-05,2.0,2,247,0.00926904761904762,2.6627881412948033,3.6871279210751298,3400.0,163506.0,8.779617,36.870603,0,0.0,0,2102.78,0.01851358677560182,22.13,32.45,0.6104638697744451,1.0,0.6372934319042558,46.61109328548143,1.0,0.40023312734941063,60.61329127225098
20,Kyrie Irving,8400,46.39,5.52,43.55,5945,7,4.39,PG/SG,DAL,13.11,36.0,1.1309399999999998,1710.0,0.000108800948616,1.0,4,247,0.005522619047619048,1.1794934884076005,3.858411235979497,5166.666666666667,389676.0,6.242788799999999,52.46430659999999,0,0.0,0,2102.78,0.022061271269462328,12.79,17.5,0.4356077129391302,2.0,0.19870923223458337,14.533422277234532,15.0,0.40902228258941287,17.30034617439698
20,Malcolm Brogdon,5400,37.04,6.86,34.01,5945,7,10.04,PG/SG,WAS,12.98,30.0,1.00365,1024.0,0.0001457814707961,2.0,4,247,0.006859259259259259,1.7095241110392947,3.6386382376771897,5933.333333333333,200016.0,6.885039,37.175196,0,0.0,0,1853.22,0.019986833727242314,15.439999999999998,23.019999999999996,0.3402443236560884,3.0,0.33099632867696016,24.208786691891582,3.0,0.40102732278343234,30.609742983425743
20,Kevin Durant,9100,50.84,5.59,28.41,5945,7,5.34,PF/C,PHX,15.2,37.0,1.17105,1444.0,8.0804507137325e-05,1.0,4,247,0.005586813186813187,1.2071816552614951,3.9481620520440193,7633.333333333333,462644.00000000006,6.5461694999999995,59.536182,0,0.0,1,1696.87,0.029961045925733856,14.440000000000005,20.540000000000006,0.2841799964620662,4.0,0.21872037834243385,15.997020286075378,12.0,0.4066755631413939,19.338709265001366
20,Nikola Jokic,11900,65.71,5.52,26.66,5945,7,6.21,C,DEN,20.5,38.0,1.13639,1149.0,0.0001401021660721,1.0,2,247,0.005521848739495798,1.1794934884076005,4.200354866721424,8800.0,781948.9999999999,6.272872799999999,74.6721869,0,0.0,1,1737.89,0.037810218138086986,18.109999999999992,26.709999999999994,0.2667387011444116,5.0,0.2687359595146155,19.655116859859568,6.0,0.40261877034262167,24.424376546881458
20,Damian Lillard,9300,48.84,5.25,23.97,5945,7,2.34,PG,MIL,14.94,35.0,1.0876249999999998,1051.0,8.605794664925662e-05,1.0,3,247,0.005251612903225807,1.072696273399722,3.908817874479198,10133.333333333334,454212.00000000006,5.710031249999999,53.11960499999999,0,0.0,0,1607.59,0.030380880697192695,11.64,17.28,0.23978519736718296,6.0,0.14202530731196417,10.387608778952053,26.0,0.41895864286841344,11.55553148546321
20,Austin Reaves,6500,41.28,6.35,23.6,5945,7,8.78,PG/SG,LAL,11.31,35.0,1.134,1250.0,0.0002880889213275,2.0,4,247,0.006350769230769231,1.5077960382466349,3.7443141610020367,9066.666666666666,268320.0,7.200899999999999,46.811519999999994,0,0.0,0,1155.69,0.03571892116397996,15.280000000000001,20.090000000000003,0.23628520803211447,7.0,0.28998187728416713,21.20902500564604,5.0,0.40204740015467766,26.530581161790796
20,Mason Plumlee,3600,24.53,6.81,20.12,5945,7,6.53,C,PHX,9.93,25.0,0.82225,177.0,6.945999230430565e-06,5.0,2,247,0.006813888888888889,1.6897468490007983,3.2398542312533927,6366.666666666667,88308.0,5.5995225,20.169792500000003,0,0.0,0,1696.87,0.014456027863065529,10.13,16.46,0.2012068765392383,8.0,0.18004597232040398,13.168407504884431,19.0,0.4124139670178962,15.36926054207419
20,Oso Ighodaro,3000,16.9,5.63,18.87,5945,7,1.9,PF/C,PHX,7.13,22.0,0.71115,396.0,1.7008702805664123e-05,8.0,4,247,0.005633333333333333,1.223003464892292,2.884800712846709,4266.666666666667,50699.99999999999,4.0037745,12.018434999999998,0,0.0,0,1696.87,0.009959513692858026,4.899999999999999,9.029999999999998,0.1887168386157778,9.0,0.06012662959874504,4.397609956208901,53.0,0.4495867505759277,3.549932224141038
20,Deni Avdija,5300,31.65,5.97,18.77,5945,7,5.15,SF/PF,POR,10.62,31.0,0.9910699999999999,896.0,0.0001673224831766,2.0,4,247,0.005971698113207547,1.357488846754065,3.48584485572244,4000.0,167745.0,5.9166878999999994,31.367365499999995,0,0.0,0,1123.69,0.028166131228363693,10.45,15.769999999999996,0.187865649258345,10.0,0.17240582544484617,12.609613735949267,20.0,0.41330404545549637,14.610213366637527
20,Precious Achiuwa,3500,20.55,5.87,18.32,5945,7,3.05,PF/C,NYK,9.28,21.0,0.68922,378.0,2.4992391446627287e-05,6.0,4,247,0.005871428571428572,1.317934322677073,3.070375816549757,3933.3333333333335,71925.0,4.045721400000001,14.163471000000001,0,0.0,0,2200.65,0.009338150092018268,6.550000000000001,12.329999999999998,0.18322474246753234,11.0,0.09023055849443895,6.599385414374137,39.0,0.43277407516452876,6.464192122310507
20,Klay Thompson,5500,33.48,6.09,18.0,5945,7,5.98,SG/SF,DAL,10.02,32.0,1.04912,848.0,6.602412704151348e-05,3.0,5,247,0.006087272727272727,1.4049542756464555,3.5403794457954922,4733.333333333333,184139.99999999997,6.3891408,35.1245376,0,0.0,0,2102.78,0.015921779739202387,11.479999999999997,16.0,0.18006536388577127,12.0,0.2082601293372468,15.23196667378052,14.0,0.4082198912926847,18.252843908443403
20,Jamal Murray,7400,39.61,5.35,16.13,5945,7,2.61,PG/SG,DEN,10.43,36.0,1.12968,1464.0,8.79180657106817e-05,2.0,4,247,0.005352702702702702,1.112250797476714,3.7040143416982065,5433.333333333333,293114.0,6.043787999999999,44.7466248,0,0.0,0,1737.89,0.022792006398563772,10.009999999999998,13.04,0.1613870388850537,13.0,0.11204695435556689,8.195017836942078,35.0,0.42831946768673546,8.532003627420265
20,Trayce Jackson-Davis,4300,27.19,6.32,15.85,5945,7,5.69,C,GSW,11.21,26.0,0.8191299999999999,258.0,3.1483699817276526e-05,4.0,2,247,0.006323255813953489,1.4959296810235374,3.338967305126021,5700.0,116917.0,5.1769016,22.2721447,0,0.0,0,1887.27,0.014407053574740234,9.990000000000002,16.900000000000006,0.15853116886281923,14.0,0.1503839173543282,10.998950325745406,24.0,0.4170168198904088,12.400812772631307
20,Josh Hart,6700,38.97,5.82,14.94,5945,7,5.47,SF/PF,NYK,8.81,37.0,1.21249,1201.0,0.0001067907998372,3.0,4,247,0.005816417910447761,1.298157060638577,3.688129172723232,6133.333333333333,261099.0,7.056691800000001,47.2507353,0,0.0,0,2200.65,0.017708404335082816,12.169999999999998,14.280000000000001,0.14950572289183894,15.0,0.2162298734964858,15.814866904460317,13.0,0.40743732485613043,19.05724985870692
20,Scoot Henderson,4300,28.27,6.57,14.35,5945,7,6.77,PG,POR,9.6,30.0,0.9882,345.0,2.6756596219258632e-05,5.0,3,247,0.006574418604651163,1.5948159912160176,3.3765631007037946,5133.333333333333,121561.0,6.492474,27.936414,0,0.0,0,1123.69,0.025158184196709055,11.07,16.369999999999997,0.1435264890302572,16.0,0.22483580512450674,16.444297339234392,11.0,0.40593571924380356,19.968428644232933
20,Russell Westbrook,6200,34.89,5.63,13.59,5945,7,3.89,PG,DEN,12.28,30.0,0.9801,604.0,5.115858474383162e-05,3.0,3,247,0.0056274193548387095,1.223003464892292,3.580458705159516,5800.0,216318.0,5.517963,34.195689,0,0.0,0,1737.89,0.020076069256397124,10.09,16.17,0.13595064699889653,17.0,0.07689704524982166,5.624183727749147,44.0,0.43857041743901787,5.171564839380906
20,Bobby Portis,7800,45.65,5.85,13.57,5945,7,6.65,PF/C,MIL,13.94,34.0,1.09191,1169.0,0.0002345790788685,2.0,4,247,0.005852564102564102,1.3100234178616743,3.8426729272933526,5900.0,356070.0,6.387673499999999,49.845691499999994,0,0.0,0,1607.59,0.028396543894898575,14.45,20.589999999999996,0.13593223328807993,18.0,0.18975253922189106,13.878337456578885,18.0,0.4115401408043883,16.32667005944684
20,OG Anunoby,5800,36.84,6.35,13.37,5945,7,7.84,SF/PF,NYK,8.2,37.0,1.207865,1013.0,0.0001510262660492,5.0,4,247,0.006351724137931035,1.5077960382466349,3.6333667441836774,6400.0,213672.00000000003,7.66994275,44.497746600000006,0,0.0,0,2200.65,0.0167405084861291,13.640000000000004,16.040000000000006,0.13384951600338882,19.0,0.345836141291074,25.29415781838931,2.0,0.4005942698814201,32.09832490404673
20,Mikal Bridges,6100,38.27,6.27,13.36,5945,7,7.77,SG/SF,NYK,6.73,40.0,1.2988,922.0,8.015825868917871e-05,4.0,5,247,0.006273770491803279,1.476152418985041,3.6704608685899185,6366.666666666667,233447.00000000003,8.143476,49.705076000000005,0,0.0,0,2200.65,0.017390316497398497,13.870000000000005,14.5,0.1336793566761024,20.0,0.319710596445254,23.383357946650648,4.0,0.40151486598571945,29.466355390522594
20,Tyrese Maxey,8500,45.95,5.41,12.87,5945,7,3.45,PG,PHI,11.66,38.0,1.22018,977.0,4.544422278031057e-05,2.0,3,247,0.005405882352941177,1.1359835119229096,3.849083205654272,6833.333333333333,390575.0,6.601173800000001,56.067271000000005,0,0.0,0,1721.99,0.026684243230216204,11.950000000000003,15.11,0.12874498978055263,21.0,0.1416314463028887,10.358802123624264,27.0,0.4199496052938687,11.485863818083004
20,Michael Porter Jr.,6300,31.35,4.98,12.8,5945,7,-0.15,SF/PF,DEN,10.23,31.0,0.996495,1083.0,9.7107051831863e-05,4.0,4,247,0.004976190476190476,0.9658990583918436,3.4766140209469096,7000.0,197505.0,4.962545100000001,31.240118250000002,0,0.0,0,1737.89,0.018039116399772136,6.150000000000002,10.079999999999998,0.12809613598131367,22.0,0.06485861751930311,4.743703481340413,50.0,0.44583558005384927,4.007573628552143
20,Jalen Brunson,8100,51.99,6.42,12.63,5945,7,11.49,PG,NYK,16.38,35.0,1.11195,932.0,0.000258775171928,2.0,3,247,0.006418518518518519,1.5354842051005293,3.9701032165046706,7633.333333333333,421119.0,7.138719,57.810280500000005,0,0.0,1,2200.65,0.02362483811601118,19.590000000000003,27.870000000000005,0.12655618742020883,23.0,0.26324624768192884,19.253604059736734,8.0,0.4038615770821264,23.803725797274257
20,Corey Kispert,3800,27.12,7.14,11.24,5945,7,8.12,SG/SF,WAS,8.25,30.0,0.9825,548.0,6.0121561482041765e-05,6.0,5,247,0.0071368421052631584,1.8202767784548721,3.336481066942464,6166.666666666667,103056.0,7.01505,26.645400000000002,0,0.0,0,1853.22,0.014633988409363162,11.920000000000002,16.370000000000005,0.11245952034586731,24.0,0.26448648921542395,19.34431425839912,7.0,0.40322459799734023,23.96889602064749
20,Caleb Martin,4100,24.36,5.94,11.07,5945,7,3.86,SF/PF,PHI,6.33,33.0,1.061445,668.0,2.7043035913450543e-05,5.0,4,247,0.005941463414634147,1.3456224895309676,3.233173129569025,5300.0,99876.0,6.3049833,25.8568002,0,0.0,0,1721.99,0.014146423614538993,7.960000000000001,10.189999999999998,0.11072677260555441,25.0,0.14551538169361167,10.642869816383676,25.0,0.4179809336140618,11.913207721542413
20,Cade Cunningham,10200,51.72,5.07,10.73,5945,7,0.72,PG,DET,15.55,36.0,1.09206,1204.0,6.189433048523416e-05,1.0,3,247,0.0050705882352941175,1.0014981300611365,3.9649948901942516,6000.0,527544.0,5.5367442,56.4813432,0,0.0,0,1143.8,0.04521769540129393,10.920000000000002,16.269999999999996,0.10736127538718049,26.0,0.12682093322969634,9.275573940340358,30.0,0.42299889231402743,10.024713640262114
20,Jordan Clarkson,5600,35.2,6.29,10.5,5945,7,7.2,SG,UTA,11.41,32.0,1.06064,760.0,4.75292255220652e-05,3.0,3,247,0.006285714285714286,1.4840633238004397,3.5890591188317256,6433.333333333333,197120.00000000003,6.6714256,37.334528000000006,0,0.0,0,1379.9,0.025509094861946517,12.800000000000004,18.61,0.10504705393326694,27.0,0.25019718348485176,18.299206731710335,9.0,0.4045271054813062,22.498173577307604
20,Maxi Kleber,3200,16.27,5.08,10.18,5945,7,0.27,PF/C,DAL,5.11,27.0,0.878445,354.0,2.8096130882040293e-05,6.0,4,247,0.0050843749999999995,1.0054535824688355,2.848970892158587,6200.0,52064.0,4.4625006,14.29230015,0,0.0,0,2102.78,0.0077373762352695,3.469999999999999,5.379999999999999,0.1018278151695733,28.0,0.048132786949348416,3.5203906242726495,67.0,0.46804468525390874,2.344358357651802
20,Jonathan Kuminga,5500,29.07,5.29,9.1,5945,7,1.57,PF,GSW,11.56,28.0,0.90958,678.0,3.889677746118288e-05,3.0,3,247,0.0052854545454545454,1.088518083030519,3.4035279970004377,4633.333333333333,159885.0,4.8116782,26.4414906,0,0.0,0,1887.27,0.015403201449713078,7.07,13.130000000000003,0.09103850780968666,29.0,0.06533109533461778,4.778260102235042,48.0,0.44337793726899655,4.081343172950674
20,Spencer Dinwiddie,5000,26.15,5.23,9.08,5945,7,1.15,PG,DAL,8.69,29.0,0.9648300000000001,436.0,2.974471710444012e-05,5.0,3,247,0.005229999999999999,1.0647853685843238,3.3013770463799443,4500.0,130750.0,5.0460609000000005,25.2303045,0,0.0,0,2102.78,0.012435918165476177,6.149999999999999,9.839999999999996,0.09082944726993347,30.0,0.06513381526463102,4.763831207654969,49.0,0.4446023697808919,4.047816273305535
20,Joel Embiid,9400,51.2,5.45,8.98,5945,7,4.2,C,PHI,19.7,33.0,1.03224,896.0,7.057347652967012e-05,1.0,2,247,0.005446808510638298,1.1518053215537063,3.955082494888593,6633.333333333333,481280.0,5.625708,52.850688000000005,0,0.0,0,1721.99,0.029733041423004782,13.600000000000001,23.900000000000006,0.08986986774176446,31.0,0.1682657299677528,12.306810714871544,21.0,0.414209842811035,14.182934946781213
20,Karl-Anthony Towns,9700,53.01,5.46,8.88,5945,7,4.51,C,NYK,18.05,34.0,1.0840899999999998,937.0,9.596549072508224e-05,1.0,2,247,0.005464948453608247,1.1557607739614055,3.9891692146047997,8000.0,514197.0,5.919131399999999,57.46761089999998,0,0.0,0,2200.65,0.0240883375366369,14.21,22.560000000000002,0.08889500583581791,32.0,0.19141087916142152,13.999627012928975,17.0,0.41068314860987465,16.52472265301811
20,Quentin Grimes,5100,28.19,5.53,8.54,5945,7,2.69,SG/SF,DAL,9.0,30.0,0.9634499999999999,687.0,0.0001324688960529,4.0,5,247,0.005527450980392157,1.1834489408153,3.3738261848660236,8033.333333333333,143769.0,5.3278785,27.1596555,0,0.0,0,2102.78,0.013406062450660554,7.790000000000003,11.689999999999998,0.08553114420709244,33.0,0.11506356585593758,8.415650206602148,32.0,0.4250926019093717,8.889176076592612
20,Lauri Markkanen,7500,38.33,5.11,8.51,5945,7,0.83,SF/PF,UTA,12.02,33.0,1.051545,1375.0,8.829956376728278e-05,1.0,4,247,0.005110666666666666,1.0173199396919332,3.671987586443718,7100.0,287475.0,5.37339495,40.305719849999996,0,0.0,0,1379.9,0.027777375172113917,8.329999999999998,12.849999999999994,0.08518741656812968,34.0,0.07217962582911763,5.279155730162296,45.0,0.4397585117580686,4.7355559929796165
20,Anthony Davis,10500,59.68,5.68,8.24,5945,7,7.18,C,LAL,20.76,35.0,1.07975,1087.0,0.0001073749066989,1.0,2,247,0.005683809523809524,1.242780726930788,4.105614154480332,7333.333333333333,626640.0,6.13298,64.43948,0,0.0,1,1155.69,0.051640145713815984,17.68,27.939999999999998,0.08250630115763198,35.0,0.2434927984429267,17.808853778162394,10.0,0.405219071251039,21.80682619796997
20,Jaden Ivey,6000,31.56,5.26,7.92,5945,7,1.56,PG/SG,DET,10.89,30.0,0.9636000000000001,1106.0,7.010080033493804e-05,2.0,4,247,0.00526,1.0766517258074213,3.4830845411343394,7900.0,189360.0,5.068536000000001,30.411216000000003,0,0.0,0,1143.8,0.027592236404965904,7.559999999999999,12.450000000000003,0.07926939979233166,36.0,0.07788185209274556,5.69621165291785,43.0,0.43739173704750384,5.278134202941059
20,Royce O'Neale,5200,26.81,5.16,7.69,5945,7,0.81,SF/PF,PHX,8.29,30.0,0.97425,938.0,0.0001892538789739,3.0,4,247,0.00515576923076923,1.0370972017304294,3.3253956682458736,7433.333333333333,139412.0,5.02713,26.119642499999998,0,0.0,0,1696.87,0.015799678231096077,6.009999999999998,9.099999999999994,0.07708736134018422,37.0,0.09186619348974778,6.719014350639075,38.0,0.43164470717970077,6.633609042553846
20,Andrew Wiggins,5600,31.94,5.7,7.25,5945,7,3.94,SF/PF,GSW,9.13,34.0,1.11503,919.0,6.679355848542888e-05,2.0,4,247,0.0057035714285714285,1.2506916317461865,3.494687724749494,5866.666666666667,178864.0,6.355671,35.6140582,0,0.0,0,1887.27,0.016923916556719494,9.540000000000003,13.07,0.07256612562290064,38.0,0.1111799751272653,8.131607722128576,36.0,0.42941721820598744,8.426219456780174
20,Bilal Coulibaly,6300,37.25,5.91,7.05,5945,7,5.75,SF,WAS,9.45,35.0,1.1628749999999999,765.0,4.7805524485844655e-05,1.0,3,247,0.005912698412698413,1.33375613230787,3.644143560272545,5733.333333333333,234675.0,6.872591249999999,43.31709375,0,0.0,0,1853.22,0.020100150009173222,12.05,15.200000000000003,0.07054732746924106,39.0,0.1920441726565898,14.045945554283113,16.0,0.40984362821647335,16.62544790820637
20,Malik Beasley,5400,25.33,4.69,6.81,5945,7,-1.67,SG/SF,DET,9.14,27.0,0.8533350000000001,760.0,4.340450539664215e-05,5.0,5,247,0.00469074074074074,0.8511909385685666,3.270708973508218,5700.0,136782.0,4.002141150000001,21.61497555,0,0.0,0,1143.8,0.02214547997901731,3.729999999999997,7.469999999999999,0.06814297046034273,40.0,0.03501339943212245,2.560849909116384,78.0,0.48354509160302084,1.1594415145781078
20,Khris Middleton,6700,33.93,5.06,6.56,5945,7,0.43,SG/SF,MIL,13.58,27.0,0.8704799999999999,1048.0,4.810582942178946e-05,3.0,5,247,0.005064179104477612,0.9975426776534371,3.5533460588187404,6000.0,227331.0,4.404628799999999,29.535386399999997,0,0.0,0,1607.59,0.02110612780621925,7.129999999999999,14.009999999999998,0.06564762477112764,41.0,0.0596978419086418,4.366248793481476,54.0,0.45085396287624996,3.4979328841203325
20,Bradley Beal,7300,36.51,5.0,6.51,5945,7,0.01,SG/SF,PHX,9.39,36.0,1.15002,1139.0,4.1783456243532784e-05,2.0,5,247,0.005001369863013698,0.9738099632072419,3.624607564093796,6366.666666666667,266523.0,5.7501,41.9872302,0,0.0,0,1696.87,0.021516085498594472,7.309999999999999,9.399999999999999,0.06514136562168116,42.0,0.059612814462991714,4.360029959263806,55.0,0.45212941565462794,3.475685117643481
20,Patrick Williams,4200,23.86,5.68,6.44,5945,7,2.86,PF,CHI,8.01,28.0,0.89964,459.0,2.2420086613616333e-05,5.0,3,247,0.005680952380952381,1.242780726930788,3.213260086082565,6000.0,100212.0,5.1099552,21.4654104,0,0.0,0,1880.7,0.012686765566012654,7.059999999999999,10.869999999999997,0.06442219588574753,43.0,0.08743700354917694,6.395067209238001,41.0,0.43506319059898335,6.1702407561193695
20,Collin Sexton,6200,35.57,5.74,6.29,5945,7,4.57,PG/SG,UTA,11.67,32.0,1.016,1226.0,0.0001565391236628,2.0,4,247,0.005737096774193548,1.2665134413769834,3.59922823216129,5666.666666666667,220534.0,5.831840000000001,36.13912,0,0.0,0,1379.9,0.02577723023407493,10.77,16.240000000000002,0.06305497373242623,44.0,0.13398729587590008,9.799715538382085,29.0,0.42197002358153507,10.714975288134871
20,Rui Hachimura,5300,24.93,4.7,5.74,5945,7,-1.57,SF/PF,LAL,7.22,31.0,1.0008350000000001,894.0,3.650355536282915e-05,4.0,4,247,0.00470377358490566,0.8551463909762658,3.255400599550573,5000.0,132129.0,4.703924500000001,24.950816550000003,0,0.0,0,1155.69,0.021571528697141965,3.7300000000000004,5.649999999999999,0.057436138519809256,45.0,0.04113234989948289,3.00838468158557,72.0,0.4749880561812219,1.7120237827036657
20,Max Christie,3900,22.99,5.89,5.7,5945,7,3.49,SG/SF,LAL,6.49,31.0,1.011995,568.0,3.767711213096972e-05,5.0,5,247,0.0058948717948717946,1.3258452274924712,3.177637076851603,4900.0,89661.0,5.9606505499999995,23.26576505,0,0.0,0,1155.69,0.019892877847865774,7.389999999999999,9.979999999999997,0.05703730034100971,46.0,0.1362632832173425,9.966179294287363,28.0,0.4209534996050007,10.956861367322864
20,De'Aaron Fox,8700,41.47,4.77,5.6,5945,7,-2.03,PG,SAC,11.98,36.0,1.1318400000000002,999.0,2.8649015151537248e-05,2.0,3,247,0.0047666666666666664,0.88283455783016,3.74879794432518,5866.666666666667,360789.0,5.3988768,46.9374048,0,0.0,0,1199.19,0.03458167596460944,6.670000000000002,9.950000000000003,0.05602836252500006,47.0,0.04606530118258578,3.369176494145766,69.0,0.47080101738719904,2.1498175373292097
20,Paul George,8000,41.97,5.25,4.96,5945,7,1.97,SG/SF,PHI,9.86,38.0,1.21562,1321.0,5.891793732540491e-05,3.0,5,247,0.00524625,1.072696273399722,3.7605021977869035,6766.666666666667,335760.0,6.3820049999999995,51.0195714,0,0.0,0,1721.99,0.024372963838349814,9.969999999999999,11.829999999999998,0.049658328757952196,48.0,0.1090907142782851,7.978800981223468,37.0,0.4305256944925158,8.210514841064313
20,Miles McBride,3900,19.16,4.91,4.63,5945,7,-0.34,PG/SG,NYK,8.29,21.0,0.696465,693.0,3.321460042080448e-05,7.0,4,247,0.004912820512820513,0.9382108915379491,3.0037004432031678,6833.333333333333,74724.0,3.41964315,13.3442694,0,0.0,0,2200.65,0.008706518528616545,3.5600000000000005,7.949999999999999,0.04633288245441664,49.0,0.04912896325407212,3.5932501020951646,66.0,0.46667722837797265,2.439280706696293
20,Tobias Harris,5200,26.75,5.14,4.59,5945,7,0.75,PF,DET,9.06,29.0,0.953665,592.0,2.742515279873287e-05,4.0,3,247,0.005144230769230769,1.0291862969150307,3.3232358401924436,5966.666666666667,139100.0,4.9018381,25.51053875,0,0.0,0,1143.8,0.023386955761496766,5.949999999999999,9.810000000000002,0.04592715090127078,50.0,0.05810448415235481,4.249711978103475,56.0,0.45341301120216726,3.3315019939519255
20,Deandre Ayton,6600,35.75,5.42,4.54,5945,7,2.75,C,POR,11.35,33.0,1.0408199999999999,500.0,1.5836214105917368e-05,1.0,2,247,0.005416666666666667,1.1399389643306086,3.6041382256588457,5433.333333333333,235950.0,5.641244399999999,37.209315,0,0.0,0,1123.69,0.031814824373270205,9.350000000000001,14.100000000000001,0.045415677851964896,51.0,0.06476284696352907,4.736698905291594,51.0,0.44707745356117634,3.983046165077949
20,Ryan Dunn,3500,17.64,5.04,4.37,5945,7,0.14,SF/PF,PHX,6.69,24.0,0.78036,568.0,4.176265133798315e-05,6.0,4,247,0.00504,0.9896317728380388,2.925309809257445,5300.0,61740.0,3.9330144000000002,13.765550400000002,0,0.0,0,1696.87,0.010395610742131101,3.6400000000000006,6.830000000000002,0.04374134502482464,52.0,0.038867111673867694,2.8427071067634104,73.0,0.47639748943362725,1.5170272766627955
20,Zach LaVine,7700,37.64,4.89,4.12,5945,7,-0.86,SG/SF,CHI,10.41,35.0,1.1081,1189.0,6.786716121737348e-05,2.0,5,247,0.004888311688311688,0.9302999867225505,3.654288009344317,5733.333333333333,289828.0,5.418609,41.708884000000005,0,0.0,0,1880.7,0.02001382463976179,6.84,9.549999999999997,0.041267188489605235,53.0,0.0580916618307139,4.24877416453092,57.0,0.4547046546984093,3.3158588031451246
20,Christian Braun,4800,26.08,5.43,4.1,5945,7,2.08,SG/SF,DEN,7.11,33.0,1.06854,667.0,6.076210055146688e-05,5.0,5,247,0.0054333333333333326,1.1438944167383078,3.298795448044074,5233.333333333333,125183.99999999999,5.8021722,27.8675232,0,0.0,0,1737.89,0.015006703531293693,6.879999999999999,9.189999999999998,0.04106015447954598,54.0,0.0878052705789214,6.42200194293845,40.0,0.4339136250432828,6.224792451432306
20,Shaedon Sharpe,5700,28.51,5.0,4.07,5945,7,0.01,PG/SG,POR,9.28,31.0,1.014475,1056.0,9.057942023457018e-05,4.0,4,247,0.0050017543859649126,0.9738099632072419,3.3847291889548483,5933.333333333333,162507.0,5.072375,28.92268225,0,0.0,0,1123.69,0.02537176623445968,5.710000000000001,9.29,0.040789673626032266,55.0,0.052922119598347805,3.8706782935032504,64.0,0.4639640848613626,2.7814017865791274
20,Draymond Green,5900,26.03,4.41,3.97,5945,7,-3.47,PF/C,GSW,9.62,27.0,0.865755,796.0,0.000133644646521,5.0,4,247,0.004411864406779661,0.7404382711529888,3.2969473602883563,5566.666666666667,153577.0,3.8179795500000004,22.53560265,0,0.0,0,1887.27,0.013792409141246352,2.4299999999999997,6.149999999999999,0.03983230820005582,56.0,0.04559336162849381,3.334659241213848,70.0,0.47218975700030624,2.0995534723971527
20,Dalton Knecht,4000,18.77,4.69,3.6,5945,7,-1.23,SG/SF,LAL,7.9,22.0,0.7165400000000001,541.0,2.262035800142051e-05,6.0,5,247,0.0046925,0.8511909385685666,2.9841656371825254,5200.0,75080.0,3.3605726000000007,13.4494558,0,0.0,0,1155.69,0.0162413796087186,2.7699999999999996,6.670000000000002,0.03602239415442144,57.0,0.03241280583029704,2.370644730616253,82.0,0.4893803244113102,0.9186729834988934
20,Alexandre Sarr,5800,30.75,5.3,3.43,5945,7,1.75,PF/C,WAS,10.83,28.0,0.8898400000000001,748.0,5.4528490980855504e-05,3.0,4,247,0.0053017241379310345,1.092473535438218,3.457892725338701,5100.0,178350.0,4.716152,27.36258,0,0.0,0,1853.22,0.01659274128274031,7.550000000000001,12.579999999999998,0.03435398320607108,58.0,0.056329605735899735,4.119898897820225,59.0,0.4573117198974682,3.1370821152090915
20,Gary Trent Jr.,4000,17.81,4.45,3.13,5945,7,-2.19,SG/SF,MIL,7.31,22.0,0.72446,568.0,3.645135766654212e-05,6.0,5,247,0.0044525,0.7562600807837856,2.934388643312939,4500.0,71240.0,3.223847,12.902632599999999,0,0.0,0,1607.59,0.011078695438513551,1.8099999999999987,5.119999999999997,0.03133608684408991,59.0,0.02130675894710632,1.5583580171653841,99.0,0.51526587160218,0.0
20,Stephen Curry,8900,41.16,4.62,2.64,5945,7,-3.34,PG,GSW,13.0,34.0,1.07644,1011.0,3.887588357064922e-05,1.0,3,247,0.004624719101123595,0.8235027717146721,3.741471904233107,6133.333333333333,366323.99999999994,4.9731528,44.306270399999995,0,0.0,0,1887.27,0.021809280071213973,5.559999999999995,9.659999999999997,0.026438487124734966,60.5,0.05303369985037798,3.878839177133661,62.0,0.4612804585994423,2.817248079359379
20,Tyus Jones,5400,26.79,4.96,2.64,5945,7,-0.21,PG,PHX,8.92,29.0,0.949315,529.0,2.6450000119132307e-05,4.0,3,247,0.004961111111111111,0.9579881535764451,3.3246762437544124,6200.0,144666.0,4.7086024,25.43214885,0,0.0,0,1696.87,0.01578789182435897,5.189999999999998,8.71,0.026426185500117966,60.5,0.05301321695615768,3.877341075873766,63.0,0.46261854435215677,2.802272971896911
20,Guerschon Yabusele,4300,18.15,4.22,2.49,5945,7,-3.35,PF/C,PHI,8.06,21.0,0.69825,490.0,1.6383922601589184e-05,6.0,4,247,0.004220930232558139,0.6652846754067037,2.952302715626655,6233.333333333333,78045.0,2.946615,12.673237499999999,0,0.0,0,1721.99,0.010540130895069076,0.9499999999999993,4.710000000000001,0.024916220083375597,62.0,0.027887999991084822,2.039704324655977,91.0,0.5028724553222967,0.4986328805649436
20,Brook Lopez,5900,28.7,4.86,2.39,5945,7,-0.8,C,MIL,7.97,32.0,1.0232,410.0,1.0518609424932697e-05,4.0,2,247,0.004864406779661017,0.9184336294994532,3.391147045808654,5200.0,169330.0,4.972752000000001,29.365840000000002,0,0.0,0,1607.59,0.017852810729103816,5.099999999999998,7.170000000000002,0.023910413423330706,63.0,0.03871115522894808,2.831300586566114,74.0,0.4778136966434742,1.4947567493117095
20,Carlton Carrington,5000,28.26,5.65,2.22,5945,7,3.26,PG/SG,WAS,6.67,34.0,1.0800100000000001,863.0,8.754522444176314e-05,5.0,4,247,0.005652,1.2309143697076905,3.3762213955919784,5066.666666666667,141300.0,6.1020565000000015,30.521082600000007,0,0.0,0,1853.22,0.015249133939845243,8.260000000000002,9.93,0.022286669772197367,64.0,0.11426453003374082,8.357209414052996,33.0,0.42615694653859365,8.78858921420878
20,Justin Champagnie,5100,23.73,4.65,2.2,5945,7,-1.77,SF/PF,WAS,9.47,24.0,0.76632,820.0,2.996184684555586e-05,7.0,4,247,0.004652941176470588,0.8353691289377698,3.208017081533325,5366.666666666667,121023.0,3.563388,18.1847736,0,0.0,0,1853.22,0.012804739858192768,3.330000000000002,7.700000000000003,0.022029662228377125,65.0,0.03820037257195441,2.793942382508372,76.0,0.48066619566858754,1.434403252347003
20,Coby White,6700,33.76,5.04,2.19,5945,7,0.26,PG/SG,CHI,8.71,35.0,1.1389,1246.0,6.872806210088681e-05,3.0,4,247,0.005038805970149254,0.9896317728380388,3.548467300397191,5533.333333333333,226192.0,5.740056,38.449264,0,0.0,0,1880.7,0.017950763013771468,6.959999999999997,8.969999999999999,0.0219680407814799,66.0,0.057363976498371105,4.19555188542009,58.0,0.4560042540766006,3.2393151893297274
20,Svi Mykhailiuk,4500,11.75,2.61,2.12,5945,7,-10.75,SG/SF,UTA,6.2,14.0,0.45731,0.0,0.0,8.0,5,247,0.002611111111111111,0.028456837767131326,2.545531271604435,4900.0,52875.0,1.1935791,5.3733925,0,0.0,0,1379.9,0.008515109790564534,-6.25,-4.550000000000001,0.02120000000000002,67.0,0.01378473844535244,1.008203909574914,116.0,0.5427616344168387,0.0014282449854169602
20,Andre Jackson Jr.,3300,16.33,4.95,2.07,5945,7,-0.17,SG/SF,MIL,6.24,23.0,0.748995,484.0,2.378967756390233e-05,7.0,5,247,0.004948484848484848,0.954032701168746,2.8524391037275145,4366.666666666667,53888.99999999999,3.7075252499999998,12.231088349999998,0,0.0,0,1607.59,0.010158062690113772,3.129999999999999,6.07,0.02072355178078828,68.0,0.027877379312578165,2.0389275373679774,92.0,0.5044015130627802,0.4911843531012117
20,Brandin Podziemski,4000,20.16,5.04,2.05,5945,7,0.16,PG/SG,GSW,8.11,24.0,0.783,690.0,3.642085956638737e-05,7.0,4,247,0.00504,0.9896317728380388,3.052112606990099,3633.3333333333335,80640.0,3.94632,15.78528,0,0.0,0,1887.27,0.010682096361410928,4.16,8.27,0.02053605665097074,69.0,0.031293561131870984,2.2887841363657615,84.0,0.49233583100086875,0.814556967666449
20,Walker Kessler,6500,33.4,5.14,2.0,5945,7,0.9,C,UTA,11.32,30.0,0.9448500000000001,477.0,1.683460033250646e-05,4.0,2,247,0.005138461538461538,1.0291862969150307,3.5380565643793527,4566.666666666667,217100.0,4.856529,31.55799,0,0.0,0,1379.9,0.024204652511051524,7.399999999999999,12.219999999999999,0.0200166662543292,70.0,0.04657610663495659,3.406536365437779,68.0,0.4694193044720035,2.2035445619819027
20,Jonas Valanciunas,5300,30.32,5.72,1.95,5945,7,3.82,C,WAS,16.52,20.0,0.6483,344.0,4.405570412748376e-05,4.0,2,247,0.005720754716981132,1.2586025365615847,3.4442568711226023,5200.0,160696.0,3.7082759999999997,19.656456,0,0.0,0,1853.22,0.016360712705453213,9.120000000000001,20.340000000000003,0.019543615147086225,71.0,0.1193401360868076,8.728434873748919,31.0,0.4240398366644713,9.308791595707767
20,Matas Buzelis,3400,16.71,4.91,1.93,5945,7,-0.29,SF/PF,CHI,7.81,19.0,0.6364049999999999,579.0,2.7964026326270125e-05,7.0,4,247,0.004914705882352942,0.9382108915379491,2.8741294517947424,5000.0,56814.0,3.1247485499999996,10.634327549999998,0,0.0,0,1880.7,0.00888498963152018,3.110000000000001,7.52,0.019327684386063023,72.0,0.030949580903601337,2.2636257184289414,85.0,0.4938228833794127,0.7799078686101784
20,DeMar DeRozan,7600,32.3,4.25,1.9,5945,7,-5.7,SF/PF,SAC,9.1,35.0,1.128925,1334.0,4.611152554082828e-05,3.0,4,247,0.0042499999999999994,0.6771510326298014,3.505557396986398,5400.0,245479.99999999997,4.7979312499999995,36.464277499999994,0,0.0,0,1199.19,0.02693484768885664,1.8999999999999986,3.3999999999999986,0.01904565041028544,73.0,0.028776820518882973,2.1047118933225164,87.0,0.49681534935699123,0.5949034063602657
20,D'Angelo Russell,5100,30.47,5.97,1.88,5945,7,4.97,PG,LAL,11.55,27.0,0.8730450000000001,498.0,5.702646138211721e-05,3.0,3,247,0.0059745098039215684,1.357488846754065,3.4490347110763153,5266.666666666667,155397.0,5.2120786500000005,26.60168115,0,0.0,0,1155.69,0.02636520174095129,10.07,16.519999999999996,0.01885645619676831,74.5,0.11371267981946054,8.316847564189626,34.0,0.4272326411878934,8.710732927725164
20,Olivier-Maxence Prosper,3000,0.0,0.0,1.88,5945,7,-15.0,SF/PF,DAL,0.0,0.0,0.0,0.0,0.0,10.0,4,247,0.0,-1.0039162406423618,0.0,5133.333333333333,0.0,0.0,0.0,1,0.0,0,2102.78,0.0,-12.0,-15.0,0.018800000000000015,74.5,0.013385433363820587,0.9789990794717156,118.0,0.5460945233305258,0.003107574675391105
20,Taurean Prince,3400,15.51,4.56,1.82,5945,7,-1.49,SF/PF,MIL,6.12,22.0,0.7315,561.0,3.12104927625665e-05,8.0,4,247,0.004561764705882353,0.7997700572684766,2.8039662579320366,3900.0,52734.0,3.3356399999999997,11.345565,0,0.0,0,1607.59,0.00964798238356795,1.9100000000000001,4.629999999999999,0.018230898387834957,76.0,0.01297009047093356,0.9486212576448504,119.0,0.5477684179903615,0.0014282445268380378
20,Domantas Sabonis,9600,50.83,5.29,1.61,5945,7,2.83,C,SAC,15.8,36.0,1.1431799999999999,913.0,7.290720442451747e-05,1.0,2,247,0.005294791666666666,1.088518083030519,3.947969132201615,5400.0,487968.0,6.0474222,58.10783939999999,0,0.0,0,1199.19,0.04238694452088493,12.43,18.629999999999995,0.016172178132380286,77.5,0.1626525928003686,11.896270691963455,22.0,0.4151308680859465,13.61909153960198
20,Josh Okogie,3100,17.41,5.62,1.61,5945,7,1.91,SF,PHX,8.11,20.0,0.6436,337.0,4.338758017596709e-05,7.0,3,247,0.005616129032258064,1.2190480124845928,2.9128939952449864,5433.333333333333,53971.0,3.6170319999999996,11.205076,0,0.0,0,1696.87,0.010260067064654335,5.01,10.02,0.01614295370437422,77.5,0.065844376033654,4.815801010938475,47.0,0.44216240096827264,4.142731160305578
20,Nikola Vucevic,8300,43.15,5.2,1.6,5945,7,1.65,C,CHI,12.42,35.0,1.106,799.0,2.0731539029018058e-05,1.0,2,247,0.0051987951807228915,1.0529190113612261,3.787592927049969,7000.0,358145.0,5.751200000000001,47.7239,0,0.0,0,1880.7,0.022943584835433614,9.949999999999996,14.07,0.01602052422363874,79.5,0.08181520151345256,5.9838934453147195,42.0,0.43622261233468174,5.647865411795887
20,Keegan Murray,5500,28.78,5.23,1.6,5945,7,1.28,PF,SAC,6.49,36.0,1.20222,670.0,8.58436634899339e-05,5.0,3,247,0.005232727272727273,1.0647853685843238,3.393837027255863,5666.666666666667,158290.0,6.287610600000001,34.59989160000001,0,0.0,0,1199.19,0.023999533018120564,6.780000000000001,7.770000000000003,0.016084985226855048,79.5,0.07176874143207157,5.249103998885172,46.0,0.44095588347270864,4.68140618514449
20,Julian Strawther,3500,18.2,5.2,1.46,5945,7,0.7,SG/SF,DEN,7.07,24.0,0.7884,493.0,0.000127443350525,7.0,5,247,0.0052,1.0529190113612261,2.954910279033736,5866.666666666667,63700.0,4.09968,14.34888,0,0.0,0,1737.89,0.010472469488862931,4.199999999999999,7.77,0.014726168917019762,81.0,0.062297184176659526,4.5563624505035545,52.0,0.4483278794949737,3.753136951965415
20,Dennis Schroder,5400,25.66,4.75,1.24,5945,7,-1.34,PG/SG,GSW,9.42,28.0,0.91308,994.0,4.187233851744677e-05,6.0,4,247,0.004751851851851852,0.8749236530147617,3.2831643147505627,4866.666666666667,138564.0,4.33713,23.4296328,0,0.0,0,1887.27,0.01359635876159744,4.059999999999999,8.079999999999998,0.012441453615132284,82.5,0.04514333041867391,3.301744345732162,71.0,0.47358545789553114,2.0513330056512435
20,Kyshawn George,3700,19.83,5.36,1.24,5945,7,1.33,SF/PF,WAS,7.48,24.0,0.78948,615.0,5.198640246986396e-05,8.0,4,247,0.005359459459459459,1.1162062498844134,3.0363942552728806,4266.666666666667,73371.0,4.2316128,15.655388399999998,0,0.0,0,1853.22,0.01070029462233302,5.029999999999998,8.809999999999999,0.012451466538445177,82.5,0.055392678406405604,4.051372839068487,60.0,0.45862696523082996,3.0436197717609614
20,Kelly Oubre Jr.,5700,28.23,4.95,1.19,5945,7,-0.27,SG,PHI,6.83,35.0,1.136625,813.0,3.7381926003046215e-05,4.0,3,247,0.004952631578947368,0.954032701168746,3.3751955791231545,5000.0,160911.0,5.62629375,32.08692375,0,0.0,0,1721.99,0.016393823425223143,5.43,6.560000000000002,0.011937008106743025,84.0,0.049712202056628074,3.6359076862984367,65.0,0.4653170042010415,2.500226649685322
20,Malik Monk,7200,30.6,4.25,1.11,5945,7,-5.4,PG/SG,SAC,9.36,32.0,1.02688,1455.0,4.045744816562043e-05,4.0,4,247,0.00425,0.6771510326298014,3.4531571205928664,5566.666666666667,220320.0,4.36424,31.422528000000003,0,0.0,0,1199.19,0.025517224126285244,1.8000000000000007,3.960000000000001,0.011140052873683975,85.5,0.030286528458495665,2.215130633080831,86.0,0.49531607165564673,0.720385567114658
20,Jerami Grant,5900,24.97,4.23,1.11,5945,7,-4.53,PF,POR,7.59,31.0,0.9955649999999999,706.0,3.048981935305978e-05,6.0,3,247,0.0042322033898305085,0.6692401278144031,3.256942025674657,6200.0,147323.0,4.21123995,24.859258049999998,0,0.0,0,1123.69,0.02222143117763796,1.3699999999999974,3.0600000000000023,0.01113018492115954,85.5,0.036052203001441185,2.6368271083951007,77.0,0.4821023720929112,1.251802893387585
20,Jalen Duren,6100,28.63,4.69,1.09,5945,7,-1.87,C,DET,11.72,26.0,0.8411,437.0,2.616596980234697e-05,3.0,2,247,0.004693442622950819,0.8511909385685666,3.388787361585474,6200.0,174643.0,3.9447590000000003,24.080692999999997,0,0.0,0,1143.8,0.025030599755201957,4.23,9.850000000000001,0.010925904310104335,87.0,0.03496133737246243,2.557042134866779,79.0,0.4849942995476651,1.146708724103471
20,Peyton Watson,4900,21.47,4.38,1.04,5945,7,-3.03,PF,DEN,7.18,28.0,0.90146,602.0,3.173005639506885e-05,6.0,3,247,0.004381632653061224,0.7285719139298911,3.112181086197238,5333.333333333333,105203.0,3.9483948,19.3543462,0,0.0,0,1737.89,0.012354061534389402,1.8699999999999974,4.149999999999999,0.010431412755831128,88.0,0.028477885486104304,2.0828480422272517,88.0,0.4983206708940809,0.5646639491669915
20,Anfernee Simons,6800,29.35,4.32,1.01,5945,7,-4.65,PG,POR,9.53,31.0,0.9858,698.0,1.5972033418295636e-05,3.0,3,247,0.004316176470588236,0.7048391994836959,3.4127965175055075,5600.0,199580.0,4.258656,28.933230000000002,0,0.0,0,1123.69,0.02611930336658687,2.150000000000002,4.880000000000003,0.010115812313084121,89.0,0.024615425284683745,1.8003510263362725,96.0,0.5105756218747757,0.21631658090194059
20,Kevin Huerter,4500,17.68,3.93,0.99,5945,7,-4.82,SG/SF,SAC,7.06,23.0,0.748305,612.0,9.437426170935036e-05,6.0,5,247,0.003928888888888889,0.5505765555834268,2.9274534328006965,5166.666666666667,79560.0,2.9408386500000003,13.230032399999999,0,0.0,0,1199.19,0.014743285050742584,-0.3200000000000003,2.2399999999999984,0.009993430519092267,90.0,0.028333653586369856,2.07229904517706,89.0,0.4998319915341126,0.546622426503053
20,Josh Giddey,6900,33.3,4.83,0.87,5945,7,-1.2,PG,CHI,12.6,28.0,0.89656,763.0,0.0001317801227335,4.0,3,247,0.004826086956521739,0.9065672722763555,3.535145354171894,5966.666666666667,229769.99999999997,4.3303848,29.855448,0,0.0,0,1880.7,0.01770617323337055,5.699999999999996,11.399999999999999,0.008830462321506173,91.0,0.05385163985306041,3.9386626051784766,61.0,0.45994990554442916,2.899600621903538
20,Ausar Thompson,3900,17.55,4.5,0.81,5945,7,-1.95,SF/PF,DET,8.91,18.0,0.5942700000000001,638.0,2.002361461226791e-05,7.0,4,247,0.0045000000000000005,0.7760373428222815,2.920469789053444,5366.666666666667,68445.0,2.6742150000000002,10.429438500000002,0,0.0,0,1143.8,0.01534359153698199,1.950000000000001,6.960000000000001,0.008119823378466154,92.0,0.027792954456574037,2.032752776038548,93.0,0.5059363990447378,0.4780827024551699
20,Buddy Hield,4100,14.93,3.64,0.79,5945,7,-5.57,SG,GSW,7.52,17.0,0.5547949999999999,516.0,1.7199903809291296e-05,8.0,3,247,0.003641463414634146,0.4358684357601498,2.768204123921957,5233.333333333333,61213.0,2.0194538,8.28308935,0,0.0,0,1887.27,0.007910897751779025,-1.4699999999999989,1.9499999999999993,0.007917027904771206,93.0,0.019113380622092446,1.3979362136453155,103.0,0.5215971733002566,0.0
20,Jevon Carter,4300,0.0,0.0,0.76,5945,7,-21.5,PG/SG,CHI,0.0,0.0,0.0,0.0,0.0,11.0,4,247,0.0,-1.0039162406423618,0.0,3966.6666666666665,0.0,0.0,0.0,1,0.0,0,1880.7,0.0,-17.2,-21.5,0.007600000000000007,94.0,0.003953415502141899,0.2891494083282642,136.5,0.5778370744411166,0.004454190368060584
20,Trey Lyles,4200,14.74,3.51,0.69,5945,7,-6.26,PF/C,SAC,6.74,19.0,0.6324150000000001,467.0,1.7353918185971118e-05,7.0,4,247,0.0035095238095238096,0.38444755446005996,2.756205242989257,3866.6666666666665,61908.0,2.21977665,9.321797100000001,0,0.0,0,1199.19,0.012291630183707335,-2.0600000000000005,0.4800000000000004,0.006917180379004117,95.0,0.005700555405030672,0.4169337175953494,129.0,0.5647742466858972,0.0014282409027242704
20,AJ Green,3900,18.82,4.83,0.64,5945,7,-0.68,PG/SG,MIL,6.37,26.0,0.8378499999999999,615.0,4.120724683291653e-05,5.0,4,247,0.004825641025641026,0.9065672722763555,2.986691528901842,3866.6666666666665,73398.0,4.046815499999999,15.768336999999997,0,0.0,0,1607.59,0.011706965084380969,3.2200000000000006,5.690000000000001,0.006440795174364593,96.0,0.02809387855345702,2.054762105571022,90.0,0.5013492673752884,0.5212519277153547
20,LeBron James,9500,0.0,0.0,0.59,5945,7,-47.5,PF,LAL,0.0,0.0,0.0,0.0,0.0,10.0,3,247,0.0,-1.0039162406423618,0.0,5966.666666666667,0.0,0.0,0.0,1,0.0,0,1155.69,0.0,-38.0,-47.5,0.005900000000000005,97.5,0.017843576085194268,1.305063802349885,106.0,0.5264026398415563,0.009840653138738498
20,Tim Hardaway Jr.,3800,16.84,4.43,0.59,5945,7,-2.16,SG/SF,DET,6.04,25.0,0.8226249999999999,537.0,8.434705653995918e-05,8.0,5,247,0.004431578947368421,0.748349175968387,2.8814431271518632,5766.666666666667,63992.0,3.6442287499999995,13.853005,0,0.0,0,1143.8,0.014722853645742263,1.6400000000000006,3.879999999999999,0.005983503585974564,97.5,0.032108006054067495,2.348351937230986,83.0,0.4908549619036168,0.8866627156056102
20,Gabe Vincent,3500,15.14,4.33,0.52,5945,7,-2.36,PG/SG,LAL,5.15,25.0,0.8265,542.0,8.485385916465992e-05,7.0,4,247,0.004325714285714286,0.7087946518913951,2.7813006628418027,5500.0,52990.0,3.578745,12.51321,0,0.0,0,1155.69,0.013100398895897689,1.1400000000000006,2.789999999999999,0.005284005320573018,99.0,0.0326949920668147,2.3912835891635655,81.0,0.48791196781797125,0.9490432236764548
20,Monte Morris,3200,15.44,4.83,0.42,5945,7,-0.56,PG,PHX,7.9,17.0,0.553945,245.0,6.525186668714124e-06,9.0,3,247,0.004824999999999999,0.9065672722763555,2.7997173896280336,3500.0,49408.0,2.67555435,8.5529108,0,0.0,0,1696.87,0.00909910600104899,2.639999999999999,7.34,0.00420645993480203,100.0,0.020502656091579086,1.4995466261580894,101.0,0.518420551826394,0.0
20,Isaiah Collier,4100,10.36,2.53,0.34,5945,7,-10.14,PG,UTA,5.38,14.0,0.45891999999999994,0.0,0.0,11.0,3,247,0.0025268292682926827,-0.00318678149446236,2.4300984132930052,3233.3333333333335,42476.0,1.1610675999999998,4.754411199999999,0,0.0,0,1379.9,0.0075077904195956216,-6.039999999999999,-4.760000000000002,0.0034000000000000033,101.0,0.0017843094194285314,0.13050285572634204,145.0,0.5929478878940264,0.0014282390101890041
20,Cameron Payne,3200,6.3,1.97,0.32,5945,7,-9.7,PG/SG,NYK,4.14,6.0,0.19791,0.0,0.0,9.0,4,247,0.00196875,-0.2246921163256179,1.9878743481543455,3166.6666666666665,20160.0,0.3898827,1.246833,1,6.3,0,2200.65,0.0028627905391588847,-6.500000000000001,-5.5600000000000005,0.0032000000000000028,102.5,0.0005621997010161195,0.04111880241858354,155.0,0.6111256591288113,0.0014282382910978278
20,Jared Butler,3000,18.57,6.19,0.32,5945,7,3.57,PG,WAS,10.47,15.0,0.49312500000000004,266.0,2.558641810391234e-05,9.0,3,247,0.00619,1.4445087997234478,2.9739977814079848,3066.6666666666665,55710.0,3.0524437500000006,9.15733125,0,0.0,0,1853.22,0.010020396930747563,6.57,14.04,0.003225330553922876,102.5,0.15067628781176556,11.020334049448334,23.0,0.4160666674439998,12.462484838197925
20,Johnny Juzang,3300,10.47,3.17,0.3,5945,7,-6.03,SG/SF,UTA,5.43,14.0,0.44317000000000006,0.0,0.0,10.0,5,247,0.003172727272727273,0.24996217259828696,2.4397349311412793,3100.0,34551.0,1.4048489000000002,4.639989900000001,0,0.0,0,1379.9,0.0075875063410392055,-2.7299999999999986,-0.5999999999999996,0.0030000000000000027,104.0,0.0018305127477435956,0.13388212740619945,144.0,0.5911536478555804,0.001428239033521744
20,Lindy Waters III,3000,4.44,1.48,0.29,5945,7,-10.56,SG/SF,GSW,2.81,6.0,0.19533,0.0,0.0,11.0,5,247,0.0014800000000000002,-0.41850928430287904,1.6937790608678513,3033.3333333333335,13320.000000000002,0.2890884,0.8672652000000001,1,4.44,0,1887.27,0.0023526045557869307,-7.56,-7.75,0.0029000000000000024,105.0,0.0004816393282791598,0.03522668607033327,156.0,0.6129665687259829,0.0014282382910978278
20,Cam Reddish,3400,13.03,3.83,0.24,5945,7,-3.97,SF/PF,LAL,4.99,22.0,0.72721,529.0,4.439716725750125e-05,8.0,4,247,0.0038323529411764703,0.5110220315064347,2.6411978941143697,3166.6666666666665,44302.0,2.7852143000000003,9.4755463,0,0.0,0,1155.69,0.0112746497763241,-0.5700000000000003,1.0199999999999996,0.002443953195584928,106.0,0.005184822929321209,0.37921348805553273,132.0,0.569968340058677,0.0014282406365075133
20,Ryan Rollins,4800,8.23,1.71,0.2,5945,7,-15.77,PG,MIL,5.0,9.0,0.29358,0.0,0.0,9.0,3,247,0.0017145833333333334,-0.3275338789257973,2.222459048514761,3633.3333333333335,39504.0,0.5020218,2.4161634000000003,1,8.23,0,1607.59,0.0051194645400879585,-10.969999999999999,-10.77,0.0020000000000000018,108.5,0.0007808279841381438,0.05710908693947642,151.0,0.6038037190124752,0.0014282382910978278
20,Jaden Hardy,4100,10.52,2.57,0.2,5945,7,-9.98,PG/SG,DAL,6.38,11.0,0.35816,0.0,0.0,8.0,4,247,0.0025658536585365854,0.012635028136334483,2.444084655267745,3966.6666666666665,43132.0,0.9204711999999999,3.7678431999999997,1,10.52,0,2102.78,0.00500290092163707,-5.879999999999999,-3.6000000000000014,0.0020000000000000018,108.5,0.004136595344442551,0.30254702438713826,135.0,0.5752039178058319,0.0014282382910978278
20,Lonzo Ball,3900,18.32,4.7,0.2,5945,7,-1.18,PG/SG,CHI,8.5,19.0,0.611895,707.0,5.707502222011952e-05,6.0,4,247,0.004697435897435897,0.8551463909762658,2.961140828784372,4133.333333333333,71448.0,2.8759065,11.2099164,0,0.0,0,1880.7,0.00974105386292338,2.7200000000000006,7.32,0.00205650427199792,108.5,0.018583333820355596,1.3591690466158284,105.0,0.5247954581168341,0.0
20,Micah Potter,3800,0.0,0.0,0.2,5945,7,-19.0,PF,UTA,0.0,0.0,0.0,0.0,0.0,12.0,3,247,0.0,-1.0039162406423618,0.0,3633.3333333333335,0.0,0.0,0.0,1,0.0,0,1379.9,0.0,-15.2,-19.0,0.0020000000000000018,108.5,0.0003400096481096515,0.024868013120184877,163.5,0.6269040239790715,0.0039362612554954
20,Cody Williams,3400,15.05,4.43,0.19,5945,7,-1.95,SF/PF,UTA,5.23,25.0,0.8096249999999999,530.0,4.512414621121303e-05,6.0,4,247,0.004426470588235295,0.748349175968387,2.775708849576025,3300.0,51170.0,3.5866387499999997,12.18485625,0,0.0,0,1379.9,0.010906587433872019,1.450000000000001,3.280000000000001,0.0019446729047491026,111.0,0.010917315373365488,0.7984830532058731,123.0,0.55451303612912,0.0014282434628604794
20,Simone Fontecchio,3100,10.26,3.31,0.17,5945,7,-5.24,PF,DET,5.33,14.0,0.44806999999999997,0.0,0.0,10.0,3,247,0.0033096774193548386,0.3053385063060759,2.421256622711544,3100.0,31806.0,1.4831116999999998,4.597198199999999,0,0.0,0,1143.8,0.008970099667774087,-2.1400000000000006,0.08999999999999986,0.0017000000000000016,112.5,0.0017535157099337617,0.12825063030864411,146.0,0.5947464641162812,0.0014282389939161894
20,Kyle Anderson,3100,4.55,1.47,0.17,5945,7,-10.95,SF/PF,GSW,3.11,5.0,0.162875,0.0,0.0,10.0,4,247,0.001467741935483871,-0.42246473671057827,1.713797927758343,3133.3333333333335,14105.0,0.23942624999999998,0.7410812499999999,1,4.55,0,1887.27,0.0024108898037906606,-7.8500000000000005,-7.84,0.0017000000000000016,112.5,0.0004032558215631976,0.029493783829894416,158.0,0.6166607755000666,0.0014282382910978278
20,Giannis Antetokounmpo,11300,0.0,0.0,0.15,5945,7,-56.5,PF/C,MIL,0.0,0.0,0.0,0.0,0.0,11.0,4,247,0.0,-1.0039162406423618,0.0,5900.0,0.0,0.0,0.0,1,0.0,0,1607.59,0.0,-45.2,-56.5,0.0015000000000000013,114.0,0.020536607392463768,1.5020297950932702,100.0,0.5168404513339527,0.01170519794397316
20,John Collins,7000,0.0,0.0,0.13,5945,7,-35.0,PF/C,UTA,0.0,0.0,0.0,0.0,0.0,12.0,4,247,0.0,-1.0039162406423618,0.0,7100.0,0.0,0.0,0.0,1,0.0,0,1379.9,0.0,-28.0,-35.0,0.0013000000000000012,115.5,0.022448782560392955,1.6418846416499169,98.0,0.5136968488157185,0.007251007575912578
20,Donovan Clingan,3900,14.56,3.73,0.13,5945,7,-4.94,C,POR,7.97,15.0,0.488625,207.0,8.719006658277109e-06,7.0,2,247,0.0037333333333333333,0.4714675074294426,2.7447035187502458,7400.0,56784.0,1.82257125,7.11438,0,0.0,0,1123.69,0.012957310290204594,-1.0399999999999991,3.030000000000001,0.0013086318165916955,115.5,0.03297719866063509,2.411923936626485,80.0,0.4864499424196735,0.9795666694053046
20,Jusuf Nurkic,5800,0.0,0.0,0.12,5945,7,-29.0,C,PHX,0.0,0.0,0.0,0.0,0.0,10.0,2,247,0.0,-1.0039162406423618,0.0,5566.666666666667,0.0,0.0,0.0,1,0.0,0,1696.87,0.0,-23.2,-29.0,0.001200000000000001,118.0,0.013545514854475194,0.9907073019649011,117.0,0.5444255863053762,0.006007977705756136
20,Ricky Council IV,3300,0.0,0.0,0.12,5945,7,-16.5,SF/PF,PHI,0.0,0.0,0.0,0.0,0.0,10.0,4,247,0.0,-1.0039162406423618,0.0,4433.333333333333,0.0,0.0,0.0,1,0.0,0,1721.99,0.0,-13.2,-16.5,0.001200000000000001,118.0,0.008530082523703575,0.6238828965444844,125.0,0.5579144032467863,0.0034183321429302155
20,Dwight Powell,3000,15.66,5.22,0.12,5945,7,0.66,C,DAL,7.52,18.0,0.56493,147.0,3.4749507380787364e-06,7.0,2,247,0.00522,1.0608299161766244,2.8130106367386967,4100.0,46980.0,2.9489346000000003,8.8468038,0,0.0,0,2102.78,0.007447284071562407,3.66,8.18,0.0012034402012306988,118.0,0.038573359516280936,2.8212223267003624,75.0,0.47923661816518764,1.4740492970068764
20,Keon Ellis,4400,12.12,2.75,0.1,5945,7,-9.88,PG/SG,SAC,5.7,17.0,0.547315,714.0,1.805702961309315e-05,8.0,4,247,0.0027545454545454544,0.08383317147492028,2.574137783515943,3800.0,53328.0,1.50511625,6.6334577999999995,0,0.0,0,1199.19,0.01010682210492082,-5.480000000000002,-4.18,0.0010178764593169632,121.0,0.0043009117918479944,0.314564987973345,134.0,0.5734541534459273,0.0014282402100853412
20,Isaiah Stewart,3700,18.11,4.89,0.1,5945,7,-0.39,C,DET,7.99,21.0,0.688065,206.0,6.450754627016388e-06,6.0,2,247,0.004894594594594594,0.9302999867225505,2.950211758252182,3833.3333333333335,67007.0,3.36463785,12.46085715,0,0.0,0,1143.8,0.015833187620213324,3.3099999999999987,7.600000000000001,0.001006386247080747,121.0,0.02543162651586428,1.8600472821294693,95.0,0.5090234931974441,0.28449991885660764
20,Kyle Lowry,3400,12.02,3.54,0.1,5945,7,-4.98,PG/SG,PHI,5.66,17.0,0.5411950000000001,575.0,1.803572603110164e-05,7.0,4,247,0.003535294117647059,0.39631391168315766,2.5664866367804233,3933.3333333333335,40868.0,1.9158303000000003,6.505163900000001,0,0.0,0,1721.99,0.006980296052822606,-1.58,0.6799999999999997,0.0010178553687707915,121.0,0.006841178915008683,0.5003579397285312,128.0,0.5630522082536016,0.001428241451762494
20,Christian Koloko,3800,9.55,2.51,0.07,5945,7,-9.45,C,LAL,5.27,12.0,0.39227999999999996,0.0,0.0,9.0,2,247,0.002513157894736842,-0.011097686309860782,2.3561258599220753,3300.0,36290.0,0.9846227999999998,3.746274,1,9.55,0,1155.69,0.008263461654942069,-5.649999999999999,-4.18,0.0007000000000000006,124.0,0.001298369574517233,0.0949616335696766,149.0,0.600168017684185,0.0014282382910978278
20,Delon Wright,3200,7.65,2.39,0.07,5945,7,-8.35,PG,MIL,4.32,10.0,0.32575,0.0,0.0,10.0,3,247,0.002390625,-0.05856311520225114,2.157559320943788,3300.0,24480.0,0.7785425,2.4919875,1,7.65,0,1607.59,0.004758676030579937,-5.15,-4.029999999999999,0.0007000000000000006,124.0,0.0006297406393664939,0.046058688537653436,153.5,0.6083720856212951,0.0014282382910978278
20,Ronald Holland II,3000,11.42,3.81,0.07,5945,7,-3.58,SF/PF,DET,6.2,14.0,0.46046000000000004,0.0,0.0,9.0,4,247,0.0038066666666666665,0.5031111266910363,2.519308076505333,3266.6666666666665,34260.0,1.7543526000000003,5.2584532,0,0.0,0,1143.8,0.009984262983038993,-0.5800000000000001,2.620000000000001,0.0007000000000000006,124.0,0.0019577638409973286,0.1431891628805904,143.0,0.5893637635505407,0.001428239093743533
20,Brice Sensabaugh,3900,11.29,2.89,0.05,5945,7,-8.21,SF/PF,UTA,6.26,13.0,0.430755,0.0,0.0,9.0,4,247,0.0028948717948717945,0.13920950518270922,2.5087859235779435,3333.3333333333335,44031.0,1.2448819500000001,4.863223949999999,0,0.0,0,1379.9,0.008181752300891368,-4.3100000000000005,-1.9500000000000028,0.0005000000000000004,128.0,-1.1525851248306296e-05,-0.0008429908435179022,168.0,0.6353752293690252,0.0014282382056722473
20,Talen Horton-Tucker,3800,13.4,3.53,0.05,5945,7,-5.6,SF,CHI,7.5,14.0,0.45619000000000004,399.0,9.109424671864906e-06,8.0,3,247,0.0035263157894736843,0.39235845927545837,2.667228206581955,3366.6666666666665,50920.0,1.6103507000000001,6.112946000000001,0,0.0,0,1880.7,0.007125006646461424,-1.799999999999999,1.8999999999999986,0.0005090183304251467,128.0,0.0032166903087240684,0.23526596155625681,139.0,0.5822481826309218,0.0014282396823651206
20,Johnny Davis,3000,0.0,0.0,0.05,5945,7,-15.0,SG/SF,WAS,0.0,0.0,0.0,0.0,0.0,10.0,5,247,0.0,-1.0039162406423618,0.0,3300.0,0.0,0.0,0.0,1,0.0,0,1853.22,0.0,-12.0,-15.0,0.0005000000000000004,128.0,-0.00022890833536248767,-0.016742158696856215,208.5,0.7150550214802618,0.003107574675391105
20,Moses Moody,3000,0.0,0.0,0.05,5945,7,-15.0,PG/SG,GSW,0.0,0.0,0.0,0.0,0.0,12.0,4,247,0.0,-1.0039162406423618,0.0,3233.3333333333335,0.0,0.0,0.0,1,0.0,0,1887.27,0.0,-12.0,-15.0,0.0005000000000000004,128.0,-0.00022890833536248767,-0.016742158696856215,208.5,0.7150550214802618,0.003107574675391105
20,Jalen Bridges,3000,0.0,0.0,0.05,5945,7,-15.0,SF,PHX,0.0,0.0,0.0,0.0,0.0,10.0,3,247,0.0,-1.0039162406423618,0.0,3000.0,0.0,0.0,0.0,1,0.0,0,1696.87,0.0,-12.0,-15.0,0.0005000000000000004,128.0,-0.00022890833536248767,-0.016742158696856215,208.5,0.7150550214802618,0.003107574675391105
20,Jordan Poole,7900,0.0,0.0,0.03,5945,7,-39.5,PG/SG,WAS,0.0,0.0,0.0,0.0,0.0,10.0,4,247,0.0,-1.0039162406423618,0.0,4566.666666666667,0.0,0.0,0.0,1,0.0,0,1853.22,0.0,-31.6,-39.5,0.00030000000000000024,135.0,0.009495167298040785,0.6944683665855245,124.0,0.5562113195098345,0.00818327997852991
20,Dereck Lively II,5700,0.0,0.0,0.03,5945,7,-28.5,C,DAL,0.0,0.0,0.0,0.0,0.0,10.0,2,247,0.0,-1.0039162406423618,0.0,5466.666666666667,0.0,0.0,0.0,1,0.0,0,2102.78,0.0,-22.8,-28.5,0.00030000000000000024,135.0,0.013956613968759912,1.0207747374761187,114.0,0.5394487980193764,0.0059043918832430995
20,Andre Drummond,4600,0.0,0.0,0.03,5945,7,-23.0,C,PHI,0.0,0.0,0.0,0.0,0.0,10.0,2,247,0.0,-1.0039162406423618,0.0,6000.0,0.0,0.0,0.0,1,0.0,0,1721.99,0.0,-18.4,-23.0,0.00030000000000000024,135.0,0.018708455033636717,1.3683203045015604,104.0,0.5231936248122467,0.004764947835599694
20,Dalano Banton,3700,0.0,0.0,0.03,5945,7,-18.5,PG/SG,POR,0.0,0.0,0.0,0.0,0.0,11.0,4,247,0.0,-1.0039162406423618,0.0,4733.333333333333,0.0,0.0,0.0,1,0.0,0,1123.69,0.0,-14.8,-18.5,0.00030000000000000024,135.0,0.012492310629560244,0.9136768511261278,120.0,0.5494472431648624,0.003832675432982363
20,Kevon Looney,3600,11.29,3.14,0.03,5945,7,-6.71,C,GSW,6.99,11.0,0.35992,0.0,0.0,9.0,2,247,0.003136111111111111,0.23809581537518942,2.5087859235779435,4100.0,40644.0,1.1301488000000002,4.0634968,1,11.29,0,1887.27,0.005982185908746496,-3.110000000000001,0.28000000000000114,0.00030000000000000024,135.0,0.004366978827245127,0.3193970740985533,133.0,0.5717089534375179,0.0014282382910978278
20,Paul Reed,3500,0.0,0.0,0.03,5945,7,-17.5,C,DET,0.0,0.0,0.0,0.0,0.0,11.0,2,247,0.0,-1.0039162406423618,0.0,3733.3333333333335,0.0,0.0,0.0,1,0.0,0,1143.8,0.0,-14.0,-17.5,0.00030000000000000024,135.0,0.0003400096481096515,0.024868013120184877,163.5,0.6269040239790715,0.003625503787956289
20,Landry Shamet,3000,7.47,2.49,0.03,5945,7,-7.53,SG,NYK,4.45,9.0,0.29862,0.0,0.0,8.0,3,247,0.00249,-0.019008591125259027,2.136530508663963,3433.3333333333335,22410.0,0.7435638000000001,2.2306914,1,7.47,0,2200.65,0.003394451639288392,-4.53,-3.08,0.00030000000000000024,135.0,0.0006762703419622706,0.0494618309515914,152.0,0.6056279139096264,0.0014282382910978278
20,Justin Edwards,3000,0.0,0.0,0.03,5945,7,-15.0,SF,PHI,0.0,0.0,0.0,0.0,0.0,10.0,3,247,0.0,-1.0039162406423618,0.0,3166.6666666666665,0.0,0.0,0.0,1,0.0,0,1721.99,0.0,-12.0,-15.0,0.00030000000000000024,135.0,-0.00022890833536248767,-0.016742158696856215,208.5,0.7150550214802618,0.003107574675391105
20,Jalen Pickett,3000,0.0,0.0,0.03,5945,7,-15.0,PG/SG,DEN,0.0,0.0,0.0,0.0,0.0,10.0,4,247,0.0,-1.0039162406423618,0.0,3000.0,0.0,0.0,0.0,1,0.0,0,1737.89,0.0,-12.0,-15.0,0.00030000000000000024,135.0,-0.00022890833536248767,-0.016742158696856215,208.5,0.7150550214802618,0.003107574675391105
20,Devin Booker,9000,0.0,0.0,0.02,5945,7,-45.0,PG/SG,PHX,0.0,0.0,0.0,0.0,0.0,10.0,4,247,0.0,-1.0039162406423618,0.0,5033.333333333333,0.0,0.0,0.0,1,0.0,0,1696.87,0.0,-36.0,-45.0,0.00020000000000000017,153.0,0.012314808117083409,0.9006944700858223,121.0,0.5511309721074656,0.009322724026173314
20,PJ Washington,7100,0.0,0.0,0.02,5945,7,-35.5,PF,DAL,0.0,0.0,0.0,0.0,0.0,10.0,3,247,0.0,-1.0039162406423618,0.0,6333.333333333333,0.0,0.0,0.0,1,0.0,0,2102.78,0.0,-28.4,-35.5,0.00020000000000000017,153.0,0.01709758125844818,1.2505023825717938,108.0,0.5296329176504472,0.007354593398425615
20,Ayo Dosunmu,6400,0.0,0.0,0.02,5945,7,-32.0,PG/SG,CHI,0.0,0.0,0.0,0.0,0.0,11.0,4,247,0.0,-1.0039162406423618,0.0,7466.666666666667,0.0,0.0,0.0,1,0.0,0,1880.7,0.0,-25.6,-32.0,0.00020000000000000017,153.0,0.02444811405228897,1.7881140267526439,97.0,0.5121334197673888,0.006629492640834358
20,Kyle Kuzma,6400,0.0,0.0,0.02,5945,7,-32.0,PF,WAS,0.0,0.0,0.0,0.0,0.0,10.0,3,247,0.0,-1.0039162406423618,0.0,6566.666666666667,0.0,0.0,0.0,1,0.0,0,1853.22,0.0,-25.6,-32.0,0.00020000000000000017,153.0,0.0175989138749586,1.2871694187993574,107.0,0.528015137134311,0.006629492640834358
20,Grayson Allen,5000,0.0,0.0,0.02,5945,7,-25.0,SG,PHX,0.0,0.0,0.0,0.0,0.0,10.0,3,247,0.0,-1.0039162406423618,0.0,5933.333333333333,0.0,0.0,0.0,1,0.0,0,1696.87,0.0,-20.0,-25.0,0.00020000000000000017,153.0,0.017047706332989243,1.246854573435857,109.0,0.5312559495402922,0.005179291125651841
20,Naji Marshall,4500,0.0,0.0,0.02,5945,7,-22.5,SF/PF,DAL,0.0,0.0,0.0,0.0,0.0,10.0,4,247,0.0,-1.0039162406423618,0.0,5266.666666666667,0.0,0.0,0.0,1,0.0,0,2102.78,0.0,-18.0,-22.5,0.00020000000000000017,153.0,0.014151693236549745,1.035042667277067,113.0,0.5377999705036268,0.004661362013086657
20,Jaxson Hayes,4400,0.0,0.0,0.02,5945,7,-22.0,C,LAL,0.0,0.0,0.0,0.0,0.0,10.0,2,247,0.0,-1.0039162406423618,0.0,4366.666666666667,0.0,0.0,0.0,1,0.0,0,1155.69,0.0,-17.6,-22.0,0.00020000000000000017,153.0,0.008296304263608834,0.6067845557427693,126.0,0.5596222623426078,0.004557776190573621
20,Alex Len,3700,0.0,0.0,0.02,5945,7,-18.5,C,SAC,0.0,0.0,0.0,0.0,0.0,10.0,2,247,0.0,-1.0039162406423618,0.0,3700.0,0.0,0.0,0.0,1,0.0,0,1199.19,0.0,-14.8,-18.5,0.00020000000000000017,153.0,0.0003400096481096515,0.024868013120184877,163.5,0.6269040239790715,0.003832675432982363
20,Drew Eubanks,3400,14.26,4.19,0.02,5945,7,-2.74,C,UTA,7.76,15.0,0.49327499999999996,191.0,7.017144989005845e-06,7.0,2,247,0.004194117647058824,0.6534183181836063,2.725235025856311,3233.3333333333335,48484.0,2.06682225,7.034101499999999,0,0.0,0,1379.9,0.010334082179868106,0.6600000000000001,5.02,0.00020694697353911595,153.0,0.0077315194836031775,0.5654766828710798,127.0,0.5613348721277438,0.0014282418850051146
20,DeAndre Jordan,3400,9.04,2.66,0.02,5945,7,-7.96,C,DEN,5.47,10.0,0.32865,0.0,0.0,8.0,2,247,0.0026588235294117643,0.04823409980562747,2.306577114263583,3166.6666666666665,30735.999999999996,0.874209,2.9709959999999995,1,9.04,0,1737.89,0.005201710119742906,-4.5600000000000005,-2.490000000000002,0.00020000000000000017,153.0,0.0016096574254755858,0.11772895915830224,148.0,0.5983565480158743,0.0014282382910978278
20,Julian Phillips,3300,10.08,3.05,0.02,5945,7,-6.42,PF,CHI,5.21,14.0,0.44561999999999996,0.0,0.0,9.0,3,247,0.0030545454545454548,0.20249674370589643,2.405141681319138,3233.3333333333335,33264.0,1.3591409999999997,4.491849599999999,0,0.0,0,1880.7,0.005359706492263519,-3.119999999999999,-1.2100000000000009,0.00020000000000000017,153.0,0.0016413119782510144,0.12004414591288246,147.0,0.5965493571939553,0.0014282389412606112
20,Doug McDermott,3300,0.0,0.0,0.02,5945,7,-16.5,SF/PF,SAC,0.0,0.0,0.0,0.0,0.0,10.0,4,247,0.0,-1.0039162406423618,0.0,3333.3333333333335,0.0,0.0,0.0,1,0.0,0,1199.19,0.0,-13.2,-16.5,0.00020000000000000017,153.0,3.903550221240337e-05,0.002855023045869555,167.0,0.6334857940398578,0.0034183321429302155
20,Dalen Terry,3200,9.28,2.9,0.02,5945,7,-6.72,SF,CHI,4.95,13.0,0.42152500000000004,0.0,0.0,10.0,3,247,0.0029,0.14316495759040834,2.330200260027019,3200.0,29695.999999999996,1.2224225,3.911752,0,0.0,0,1880.7,0.0049343329611314934,-3.5200000000000014,-1.7699999999999996,0.00020000000000000017,153.0,0.0002592469143440912,0.018961096260413153,166.0,0.631600314477883,0.0014282383154357785
20,Reggie Jackson,3200,7.88,2.46,0.02,5945,7,-8.12,PG,PHI,4.6,10.0,0.32895,0.0,0.0,9.0,3,247,0.0024625,-0.03087494834835675,2.1838015570040787,3133.3333333333335,25216.0,0.8092170000000001,2.592126,1,7.88,0,1721.99,0.004576100906509329,-4.920000000000001,-3.5199999999999996,0.00020000000000000017,153.0,0.0006297406393664939,0.046058688537653436,153.5,0.6083720856212951,0.0014282382910978278
20,Torrey Craig,3000,0.0,0.0,0.02,5945,7,-15.0,PF,CHI,0.0,0.0,0.0,0.0,0.0,11.0,3,247,0.0,-1.0039162406423618,0.0,3033.3333333333335,0.0,0.0,0.0,1,0.0,0,1880.7,0.0,-12.0,-15.0,0.00020000000000000017,153.0,-0.00022890833536248767,-0.016742158696856215,208.5,0.7150550214802618,0.003107574675391105
20,Pat Connaughton,3000,0.0,0.0,0.02,5945,7,-15.0,SF/PF,MIL,0.0,0.0,0.0,0.0,0.0,11.0,4,247,0.0,-1.0039162406423618,0.0,3000.0,0.0,0.0,0.0,1,0.0,0,1607.59,0.0,-12.0,-15.0,0.00020000000000000017,153.0,-0.00022890833536248767,-0.016742158696856215,208.5,0.7150550214802618,0.003107574675391105
20,Marjon Beauchamp,3000,0.0,0.0,0.02,5945,7,-15.0,PG/SF,MIL,0.0,0.0,0.0,0.0,0.0,11.0,5,247,0.0,-1.0039162406423618,0.0,3000.0,0.0,0.0,0.0,1,0.0,0,1607.59,0.0,-12.0,-15.0,0.00020000000000000017,153.0,-0.00022890833536248767,-0.016742158696856215,208.5,0.7150550214802618,0.003107574675391105
20,Liam Robbins,3000,0.0,0.0,0.02,5945,7,-15.0,C,MIL,0.0,0.0,0.0,0.0,0.0,11.0,2,247,0.0,-1.0039162406423618,0.0,3000.0,0.0,0.0,0.0,1,0.0,0,1607.59,0.0,-12.0,-15.0,0.00020000000000000017,153.0,-0.00022890833536248767,-0.016742158696856215,208.5,0.7150550214802618,0.003107574675391105
20,Jericho Sims,3000,0.0,0.0,0.02,5945,7,-15.0,C,NYK,0.0,0.0,0.0,0.0,0.0,10.0,2,247,0.0,-1.0039162406423618,0.0,3033.3333333333335,0.0,0.0,0.0,1,0.0,0,2200.65,0.0,-12.0,-15.0,0.00020000000000000017,153.0,-0.00022890833536248767,-0.016742158696856215,208.5,0.7150550214802618,0.003107574675391105
20,Trey Alexander,3000,0.0,0.0,0.02,5945,7,-15.0,PG/SG,DEN,0.0,0.0,0.0,0.0,0.0,10.0,4,247,0.0,-1.0039162406423618,0.0,3033.3333333333335,0.0,0.0,0.0,1,0.0,0,1737.89,0.0,-12.0,-15.0,0.00020000000000000017,153.0,-0.00022890833536248767,-0.016742158696856215,208.5,0.7150550214802618,0.003107574675391105
20,Hunter Tyson,3000,7.22,2.41,0.02,5945,7,-7.78,SF/PF,DEN,4.16,10.0,0.32775,0.0,0.0,9.0,4,247,0.0024066666666666668,-0.05065221038685271,2.1065702090680882,3033.3333333333335,21660.0,0.7898775,2.366355,1,7.22,0,1737.89,0.004154463170856613,-4.78,-3.620000000000001,0.00020000000000000017,153.0,0.00043991131932119565,0.03217473539771237,157.0,0.6148116132291901,0.0014282382910978278
20,Vlatko Cancar,3000,0.0,0.0,0.02,5945,7,-15.0,C,DEN,0.0,0.0,0.0,0.0,0.0,10.0,2,247,0.0,-1.0039162406423618,0.0,3000.0,0.0,0.0,0.0,1,0.0,0,1737.89,0.0,-12.0,-15.0,0.00020000000000000017,153.0,-0.00022890833536248767,-0.016742158696856215,208.5,0.7150550214802618,0.003107574675391105
20,Damion Lee,3000,0.0,0.0,0.02,5945,7,-15.0,SG,PHX,0.0,0.0,0.0,0.0,0.0,10.0,3,247,0.0,-1.0039162406423618,0.0,3000.0,0.0,0.0,0.0,1,0.0,0,1696.87,0.0,-12.0,-15.0,0.00020000000000000017,153.0,-0.00022890833536248767,-0.016742158696856215,208.5,0.7150550214802618,0.003107574675391105
20,Rayan Rupert,3000,6.36,2.12,0.02,5945,7,-8.64,SG/SF,POR,3.65,10.0,0.32349999999999995,0.0,0.0,10.0,5,247,0.00212,-0.16536033021012975,1.9960599327407849,3000.0,19080.0,0.68582,2.05746,1,6.36,0,1123.69,0.005659924000391567,-5.64,-4.99,0.00020000000000000017,153.0,0.000352645586950473,0.02579219481510568,160.5,0.6213015855490125,0.0014282382910978278
20,Jabari Walker,3000,8.66,2.89,0.02,5945,7,-6.34,PF/C,POR,5.34,10.0,0.32175000000000004,0.0,0.0,9.0,4,247,0.0028866666666666667,0.13920950518270922,2.2679936482244267,3000.0,25980.0,0.9298575000000001,2.7863550000000004,1,8.66,0,1123.69,0.007706751862168392,-3.34,-1.0,0.00020000000000000017,153.0,0.0011236015894959817,0.08217925351469903,150.0,0.6019837475105567,0.0014282382910978278
20,Quincy Olivari,3000,0.0,0.0,0.02,5945,7,-15.0,PG,LAL,0.0,0.0,0.0,0.0,0.0,10.0,3,247,0.0,-1.0039162406423618,0.0,3000.0,0.0,0.0,0.0,1,0.0,0,1155.69,0.0,-12.0,-15.0,0.00020000000000000017,153.0,-0.00022890833536248767,-0.016742158696856215,208.5,0.7150550214802618,0.003107574675391105
20,Armel Traore,3000,0.0,0.0,0.02,5945,7,-15.0,PF/C,LAL,0.0,0.0,0.0,0.0,0.0,10.0,4,247,0.0,-1.0039162406423618,0.0,3000.0,0.0,0.0,0.0,1,0.0,0,1155.69,0.0,-12.0,-15.0,0.00020000000000000017,153.0,-0.00022890833536248767,-0.016742158696856215,208.5,0.7150550214802618,0.003107574675391105
20,Luka Doncic,11100,0.0,0.0,0.0,5945,7,-55.5,PG,DAL,0.0,0.0,0.0,0.0,0.0,10.0,3,247,0.0,-1.0039162406423618,0.0,5733.333333333333,0.0,0.0,0.0,1,0.0,0,2102.78,0.0,-44.4,-55.5,0.0,207.0,0.016836829837593825,1.2314312479996896,110.0,0.5328842014370982,0.011498026298947089
20,Keyonte George,5900,0.0,0.0,0.0,5945,7,-29.5,PG,UTA,0.0,0.0,0.0,0.0,0.0,12.0,3,247,0.0,-1.0039162406423618,0.0,6733.333333333333,0.0,0.0,0.0,1,0.0,0,1379.9,0.0,-23.6,-29.5,0.0,207.0,0.019470585618322378,1.4240618797322286,102.0,0.5200061374870526,0.006111563528269173
20,Aaron Gordon,5600,0.0,0.0,0.0,5945,7,-28.0,PF,DEN,0.0,0.0,0.0,0.0,0.0,10.0,3,247,0.0,-1.0039162406423618,0.0,7600.0,0.0,0.0,0.0,1,0.0,0,1737.89,0.0,-22.4,-28.0,0.0,207.0,0.026752747263347754,1.9566729169149044,94.0,0.5074770724548157,0.005800806060730062
20,Saddiq Bey,4900,0.0,0.0,0.0,5945,7,-24.5,SF,WAS,0.0,0.0,0.0,0.0,0.0,10.0,3,247,0.0,-1.0039162406423618,0.0,5500.0,0.0,0.0,0.0,1,0.0,0,1853.22,0.0,-19.6,-24.5,0.0,207.0,0.015926482569266875,1.164849232052371,111.0,0.5345176424453891,0.005075705303138805
20,Toumani Camara,4800,0.0,0.0,0.0,5945,7,-24.0,SG/SF,POR,0.0,0.0,0.0,0.0,0.0,11.0,5,247,0.0,-1.0039162406423618,0.0,5133.333333333333,0.0,0.0,0.0,1,0.0,0,1123.69,0.0,-19.2,-24.0,0.0,207.0,0.01388014467664589,1.0151818392446854,115.0,0.5411026955574563,0.004972119480625767
20,Robert Williams,4500,0.0,0.0,0.0,5945,7,-22.5,PF/C,POR,0.0,0.0,0.0,0.0,0.0,11.0,4,247,0.0,-1.0039162406423618,0.0,4666.666666666667,0.0,0.0,0.0,1,0.0,0,1123.69,0.0,-18.0,-22.5,0.0,207.0,0.012274618574335205,0.8977550415080948,122.0,0.5528195784368762,0.004661362013086657
20,Christian Wood,4300,0.0,0.0,0.0,5945,7,-21.5,C,LAL,0.0,0.0,0.0,0.0,0.0,10.0,2,247,0.0,-1.0039162406423618,0.0,4233.333333333333,0.0,0.0,0.0,1,0.0,0,1155.69,0.0,-17.2,-21.5,0.0,207.0,0.005196883787671691,0.38009560885818644,131.0,0.568232335865593,0.004454190368060584
20,Jalen Smith,4000,0.0,0.0,0.0,5945,7,-20.0,C,CHI,0.0,0.0,0.0,0.0,0.0,11.0,2,247,0.0,-1.0039162406423618,0.0,3900.0,0.0,0.0,0.0,1,0.0,0,1880.7,0.0,-16.0,-20.0,0.0,207.0,0.00373072924996265,0.2728623274419816,138.0,0.5804803782717407,0.004143432900521473
20,Jarred Vanderbilt,4000,0.0,0.0,0.0,5945,7,-20.0,PF/C,LAL,0.0,0.0,0.0,0.0,0.0,10.0,4,247,0.0,-1.0039162406423618,0.0,3833.3333333333335,0.0,0.0,0.0,1,0.0,0,1155.69,0.0,-16.0,-20.0,0.0,207.0,0.0020732746281710845,0.15163752246959084,142.0,0.5875782547538067,0.004143432900521473
20,Mitchell Robinson,3800,0.0,0.0,0.0,5945,7,-19.0,C,NYK,0.0,0.0,0.0,0.0,0.0,10.0,2,247,0.0,-1.0039162406423618,0.0,3933.3333333333335,0.0,0.0,0.0,1,0.0,0,2200.65,0.0,-15.2,-19.0,0.0,207.0,0.003953415502141899,0.2891494083282642,136.5,0.5778370744411166,0.0039362612554954
20,KJ Martin,3700,0.0,0.0,0.0,5945,7,-18.5,PF,PHI,0.0,0.0,0.0,0.0,0.0,10.0,3,247,0.0,-1.0039162406423618,0.0,3866.6666666666665,0.0,0.0,0.0,1,0.0,0,1721.99,0.0,-14.8,-18.5,0.0,207.0,0.002879937148195788,0.21063612513590824,140.0,0.5840204439366707,0.003832675432982363
20,Marvin Bagley III,3500,0.0,0.0,0.0,5945,7,-17.5,C,WAS,0.0,0.0,0.0,0.0,0.0,10.0,2,247,0.0,-1.0039162406423618,0.0,3700.0,0.0,0.0,0.0,1,0.0,0,1853.22,0.0,-14.0,-17.5,0.0,207.0,0.0003400096481096515,0.024868013120184877,163.5,0.6269040239790715,0.003625503787956289
20,Kyle Filipowski,3500,15.87,4.53,0.0,5945,7,-1.63,C,UTA,7.73,18.0,0.58905,187.0,1.8000292656243457e-05,5.0,2,247,0.004534285714285714,0.7879037000453792,2.825536896557877,3400.0,55545.0,2.6683965,9.3482235,0,0.0,0,1379.9,0.011500833393724182,1.8699999999999992,6.100000000000001,1.7820289729681024e-05,207.0,0.015841326138985146,1.1586209640097205,112.0,0.53615624212969,0.0014282460913482078
20,Gary Payton II,3200,0.0,0.0,0.0,5945,7,-16.0,SF,GSW,0.0,0.0,0.0,0.0,0.0,12.0,3,247,0.0,-1.0039162406423618,0.0,3233.3333333333335,0.0,0.0,0.0,1,0.0,0,1887.27,0.0,-12.8,-16.0,0.0,207.0,-3.915516606323166e-05,-0.0028637751569609736,169.0,0.637268605144198,0.003314746320417179
20,DJ Steward,3000,0.0,0.0,0.0,5945,7,-15.0,PG,CHI,0.0,0.0,0.0,0.0,0.0,11.0,3,247,0.0,-1.0039162406423618,0.0,3066.6666666666665,0.0,0.0,0.0,1,0.0,0,1880.7,0.0,-12.0,-15.0,0.0,207.0,-0.00022890833536248767,-0.016742158696856215,208.5,0.7150550214802618,0.003107574675391105
20,Chris Duarte,3000,0.0,0.0,0.0,5945,7,-15.0,SG/SF,CHI,0.0,0.0,0.0,0.0,0.0,11.0,5,247,0.0,-1.0039162406423618,0.0,3066.6666666666665,0.0,0.0,0.0,1,0.0,0,1880.7,0.0,-12.0,-15.0,0.0,207.0,-0.00022890833536248767,-0.016742158696856215,208.5,0.7150550214802618,0.003107574675391105
20,Adama Sanogo,3000,0.0,0.0,0.0,5945,7,-15.0,C,CHI,0.0,0.0,0.0,0.0,0.0,11.0,2,247,0.0,-1.0039162406423618,0.0,3000.0,0.0,0.0,0.0,1,0.0,0,1880.7,0.0,-12.0,-15.0,0.0,207.0,-0.00022890833536248767,-0.016742158696856215,208.5,0.7150550214802618,0.003107574675391105
20,E.J. Liddell,3000,0.0,0.0,0.0,5945,7,-15.0,C,CHI,0.0,0.0,0.0,0.0,0.0,11.0,2,247,0.0,-1.0039162406423618,0.0,3000.0,0.0,0.0,0.0,1,0.0,0,1880.7,0.0,-12.0,-15.0,0.0,207.0,-0.00022890833536248767,-0.016742158696856215,208.5,0.7150550214802618,0.003107574675391105
20,Stanley Umude,3000,0.0,0.0,0.0,5945,7,-15.0,SG,MIL,0.0,0.0,0.0,0.0,0.0,11.0,3,247,0.0,-1.0039162406423618,0.0,3000.0,0.0,0.0,0.0,1,0.0,0,1607.59,0.0,-12.0,-15.0,0.0,207.0,-0.00022890833536248767,-0.016742158696856215,208.5,0.7150550214802618,0.003107574675391105
20,Tyler Smith,3000,0.0,0.0,0.0,5945,7,-15.0,PF,MIL,0.0,0.0,0.0,0.0,0.0,11.0,3,247,0.0,-1.0039162406423618,0.0,3000.0,0.0,0.0,0.0,1,0.0,0,1607.59,0.0,-12.0,-15.0,0.0,207.0,-0.00022890833536248767,-0.016742158696856215,208.5,0.7150550214802618,0.003107574675391105
20,AJ Johnson,3000,0.0,0.0,0.0,5945,7,-15.0,SG,MIL,0.0,0.0,0.0,0.0,0.0,11.0,3,247,0.0,-1.0039162406423618,0.0,3000.0,0.0,0.0,0.0,1,0.0,0,1607.59,0.0,-12.0,-15.0,0.0,207.0,-0.00022890833536248767,-0.016742158696856215,208.5,0.7150550214802618,0.003107574675391105
20,Chris Livingston,3000,0.0,0.0,0.0,5945,7,-15.0,SF,MIL,0.0,0.0,0.0,0.0,0.0,11.0,3,247,0.0,-1.0039162406423618,0.0,3000.0,0.0,0.0,0.0,1,0.0,0,1607.59,0.0,-12.0,-15.0,0.0,207.0,-0.00022890833536248767,-0.016742158696856215,208.5,0.7150550214802618,0.003107574675391105
20,Jacob Toppin,3000,0.0,0.0,0.0,5945,7,-15.0,PF,NYK,0.0,0.0,0.0,0.0,0.0,10.0,3,247,0.0,-1.0039162406423618,0.0,3000.0,0.0,0.0,0.0,1,0.0,0,2200.65,0.0,-12.0,-15.0,0.0,207.0,-0.00022890833536248767,-0.016742158696856215,208.5,0.7150550214802618,0.003107574675391105
20,Anthony Gill,3000,0.0,0.0,0.0,5945,7,-15.0,C,WAS,0.0,0.0,0.0,0.0,0.0,10.0,2,247,0.0,-1.0039162406423618,0.0,3000.0,0.0,0.0,0.0,1,0.0,0,1853.22,0.0,-12.0,-15.0,0.0,207.0,-0.00022890833536248767,-0.016742158696856215,208.5,0.7150550214802618,0.003107574675391105
20,Patrick Baldwin Jr.,3000,0.0,0.0,0.0,5945,7,-15.0,PF,WAS,0.0,0.0,0.0,0.0,0.0,10.0,3,247,0.0,-1.0039162406423618,0.0,3000.0,0.0,0.0,0.0,1,0.0,0,1853.22,0.0,-12.0,-15.0,0.0,207.0,-0.00022890833536248767,-0.016742158696856215,208.5,0.7150550214802618,0.003107574675391105
20,Richaun Holmes,3000,0.0,0.0,0.0,5945,7,-15.0,C,WAS,0.0,0.0,0.0,0.0,0.0,10.0,2,247,0.0,-1.0039162406423618,0.0,3000.0,0.0,0.0,0.0,1,0.0,0,1853.22,0.0,-12.0,-15.0,0.0,207.0,-0.00022890833536248767,-0.016742158696856215,208.5,0.7150550214802618,0.003107574675391105
20,Tristan Vukcevic,3000,0.0,0.0,0.0,5945,7,-15.0,C,WAS,0.0,0.0,0.0,0.0,0.0,10.0,2,247,0.0,-1.0039162406423618,0.0,3000.0,0.0,0.0,0.0,1,0.0,0,1853.22,0.0,-12.0,-15.0,0.0,207.0,-0.00022890833536248767,-0.016742158696856215,208.5,0.7150550214802618,0.003107574675391105
20,Boo Buie,3000,0.0,0.0,0.0,5945,7,-15.0,PG,NYK,0.0,0.0,0.0,0.0,0.0,10.0,3,247,0.0,-1.0039162406423618,0.0,3000.0,0.0,0.0,0.0,1,0.0,0,2200.65,0.0,-12.0,-15.0,0.0,207.0,-0.00022890833536248767,-0.016742158696856215,208.5,0.7150550214802618,0.003107574675391105
20,Matt Ryan,3000,0.0,0.0,0.0,5945,7,-15.0,SG/SF,NYK,0.0,0.0,0.0,0.0,0.0,10.0,5,247,0.0,-1.0039162406423618,0.0,3000.0,0.0,0.0,0.0,1,0.0,0,2200.65,0.0,-12.0,-15.0,0.0,207.0,-0.00022890833536248767,-0.016742158696856215,208.5,0.7150550214802618,0.003107574675391105
20,Pacome Dadiet,3000,0.0,0.0,0.0,5945,7,-15.0,SG/SF,NYK,0.0,0.0,0.0,0.0,0.0,10.0,5,247,0.0,-1.0039162406423618,0.0,3000.0,0.0,0.0,0.0,1,0.0,0,2200.65,0.0,-12.0,-15.0,0.0,207.0,-0.00022890833536248767,-0.016742158696856215,208.5,0.7150550214802618,0.003107574675391105
20,Tyler Kolek,3000,0.0,0.0,0.0,5945,7,-15.0,PG,NYK,0.0,0.0,0.0,0.0,0.0,10.0,3,247,0.0,-1.0039162406423618,0.0,3000.0,0.0,0.0,0.0,1,0.0,0,2200.65,0.0,-12.0,-15.0,0.0,207.0,-0.00022890833536248767,-0.016742158696856215,208.5,0.7150550214802618,0.003107574675391105
20,Ariel Hukporti,3000,0.0,0.0,0.0,5945,7,-15.0,C,NYK,0.0,0.0,0.0,0.0,0.0,10.0,2,247,0.0,-1.0039162406423618,0.0,3000.0,0.0,0.0,0.0,1,0.0,0,2200.65,0.0,-12.0,-15.0,0.0,207.0,-0.00022890833536248767,-0.016742158696856215,208.5,0.7150550214802618,0.003107574675391105
20,Kevin McCullar Jr.,3000,0.0,0.0,0.0,5945,7,-15.0,SF,NYK,0.0,0.0,0.0,0.0,0.0,10.0,3,247,0.0,-1.0039162406423618,0.0,3000.0,0.0,0.0,0.0,1,0.0,0,2200.65,0.0,-12.0,-15.0,0.0,207.0,-0.00022890833536248767,-0.016742158696856215,208.5,0.7150550214802618,0.003107574675391105
20,Oscar Tshiebwe,3000,0.0,0.0,0.0,5945,7,-15.0,C,UTA,0.0,0.0,0.0,0.0,0.0,12.0,2,247,0.0,-1.0039162406423618,0.0,3000.0,0.0,0.0,0.0,1,0.0,0,1379.9,0.0,-12.0,-15.0,0.0,207.0,-0.00022890833536248767,-0.016742158696856215,208.5,0.7150550214802618,0.003107574675391105
20,Patty Mills,3000,0.0,0.0,0.0,5945,7,-15.0,PG,UTA,0.0,0.0,0.0,0.0,0.0,12.0,3,247,0.0,-1.0039162406423618,0.0,3000.0,0.0,0.0,0.0,1,0.0,0,1379.9,0.0,-12.0,-15.0,0.0,207.0,-0.00022890833536248767,-0.016742158696856215,208.5,0.7150550214802618,0.003107574675391105
20,David Jones Garcia,3000,0.0,0.0,0.0,5945,7,-15.0,SG/SF,UTA,0.0,0.0,0.0,0.0,0.0,12.0,5,247,0.0,-1.0039162406423618,0.0,3000.0,0.0,0.0,0.0,1,0.0,0,1379.9,0.0,-12.0,-15.0,0.0,207.0,-0.00022890833536248767,-0.016742158696856215,208.5,0.7150550214802618,0.003107574675391105
20,Taylor Hendricks,3000,0.0,0.0,0.0,5945,7,-15.0,PF,UTA,0.0,0.0,0.0,0.0,0.0,12.0,3,247,0.0,-1.0039162406423618,0.0,3000.0,0.0,0.0,0.0,1,0.0,0,1379.9,0.0,-12.0,-15.0,0.0,207.0,-0.00022890833536248767,-0.016742158696856215,208.5,0.7150550214802618,0.003107574675391105
20,Pete Nance,3000,0.0,0.0,0.0,5945,7,-15.0,PF/C,PHI,0.0,0.0,0.0,0.0,0.0,10.0,4,247,0.0,-1.0039162406423618,0.0,3000.0,0.0,0.0,0.0,1,0.0,0,1721.99,0.0,-12.0,-15.0,0.0,207.0,-0.00022890833536248767,-0.016742158696856215,208.5,0.7150550214802618,0.003107574675391105
20,Jeff Dowtin,3000,0.0,0.0,0.0,5945,7,-15.0,PG,PHI,0.0,0.0,0.0,0.0,0.0,10.0,3,247,0.0,-1.0039162406423618,0.0,3033.3333333333335,0.0,0.0,0.0,1,0.0,0,1721.99,0.0,-12.0,-15.0,0.0,207.0,-0.00022890833536248767,-0.016742158696856215,208.5,0.7150550214802618,0.003107574675391105
20,Adem Bona,3000,11.69,3.9,0.0,5945,7,-3.31,C,PHI,6.11,15.0,0.49710000000000004,0.0,0.0,8.0,2,247,0.0038966666666666663,0.5387101983603291,2.540814281726296,3033.3333333333335,35070.0,1.93869,5.8110990000000005,0,0.0,0,1721.99,0.006788657309275896,-0.3100000000000005,2.8000000000000007,0.0,207.0,0.002087101368064337,0.15264879832892733,141.0,0.5857971414697796,0.001428239158161558
20,Eric Gordon,3000,0.0,0.0,0.0,5945,7,-15.0,SG/SF,PHI,0.0,0.0,0.0,0.0,0.0,10.0,5,247,0.0,-1.0039162406423618,0.0,3033.3333333333335,0.0,0.0,0.0,1,0.0,0,1721.99,0.0,-12.0,-15.0,0.0,207.0,-0.00022890833536248767,-0.016742158696856215,208.5,0.7150550214802618,0.003107574675391105
20,Jared McCain,3000,0.0,0.0,0.0,5945,7,-15.0,PG,PHI,0.0,0.0,0.0,0.0,0.0,10.0,3,247,0.0,-1.0039162406423618,0.0,3000.0,0.0,0.0,0.0,1,0.0,0,1721.99,0.0,-12.0,-15.0,0.0,207.0,-0.00022890833536248767,-0.016742158696856215,208.5,0.7150550214802618,0.003107574675391105
20,Dario Saric,3000,0.0,0.0,0.0,5945,7,-15.0,C,DEN,0.0,0.0,0.0,0.0,0.0,10.0,2,247,0.0,-1.0039162406423618,0.0,3100.0,0.0,0.0,0.0,1,0.0,0,1737.89,0.0,-12.0,-15.0,0.0,207.0,-0.00022890833536248767,-0.016742158696856215,208.5,0.7150550214802618,0.003107574675391105
20,Spencer Jones,3000,0.0,0.0,0.0,5945,7,-15.0,SG/SF,DEN,0.0,0.0,0.0,0.0,0.0,10.0,5,247,0.0,-1.0039162406423618,0.0,3100.0,0.0,0.0,0.0,1,0.0,0,1737.89,0.0,-12.0,-15.0,0.0,207.0,-0.00022890833536248767,-0.016742158696856215,208.5,0.7150550214802618,0.003107574675391105
20,Zeke Nnaji,3000,0.0,0.0,0.0,5945,7,-15.0,C,DEN,0.0,0.0,0.0,0.0,0.0,10.0,2,247,0.0,-1.0039162406423618,0.0,3100.0,0.0,0.0,0.0,1,0.0,0,1737.89,0.0,-12.0,-15.0,0.0,207.0,-0.00022890833536248767,-0.016742158696856215,208.5,0.7150550214802618,0.003107574675391105
20,PJ Hall,3000,0.0,0.0,0.0,5945,7,-15.0,C,DEN,0.0,0.0,0.0,0.0,0.0,10.0,2,247,0.0,-1.0039162406423618,0.0,3000.0,0.0,0.0,0.0,1,0.0,0,1737.89,0.0,-12.0,-15.0,0.0,207.0,-0.00022890833536248767,-0.016742158696856215,208.5,0.7150550214802618,0.003107574675391105
20,DaRon Holmes II,3000,0.0,0.0,0.0,5945,7,-15.0,C,DEN,0.0,0.0,0.0,0.0,0.0,10.0,2,247,0.0,-1.0039162406423618,0.0,3000.0,0.0,0.0,0.0,1,0.0,0,1737.89,0.0,-12.0,-15.0,0.0,207.0,-0.00022890833536248767,-0.016742158696856215,208.5,0.7150550214802618,0.003107574675391105
20,Cole Swider,3000,0.0,0.0,0.0,5945,7,-15.0,C,DET,0.0,0.0,0.0,0.0,0.0,11.0,2,247,0.0,-1.0039162406423618,0.0,3000.0,0.0,0.0,0.0,1,0.0,0,1143.8,0.0,-12.0,-15.0,0.0,207.0,-0.00022890833536248767,-0.016742158696856215,208.5,0.7150550214802618,0.003107574675391105
20,Alondes Williams,3000,0.0,0.0,0.0,5945,7,-15.0,PG/SG,DET,0.0,0.0,0.0,0.0,0.0,11.0,4,247,0.0,-1.0039162406423618,0.0,3000.0,0.0,0.0,0.0,1,0.0,0,1143.8,0.0,-12.0,-15.0,0.0,207.0,-0.00022890833536248767,-0.016742158696856215,208.5,0.7150550214802618,0.003107574675391105
20,Daniss Jenkins,3000,0.0,0.0,0.0,5945,7,-15.0,PG,DET,0.0,0.0,0.0,0.0,0.0,11.0,3,247,0.0,-1.0039162406423618,0.0,3000.0,0.0,0.0,0.0,1,0.0,0,1143.8,0.0,-12.0,-15.0,0.0,207.0,-0.00022890833536248767,-0.016742158696856215,208.5,0.7150550214802618,0.003107574675391105
20,Marcus Sasser,3000,0.0,0.0,0.0,5945,7,-15.0,PG,DET,0.0,0.0,0.0,0.0,0.0,11.0,3,247,0.0,-1.0039162406423618,0.0,3033.3333333333335,0.0,0.0,0.0,1,0.0,0,1143.8,0.0,-12.0,-15.0,0.0,207.0,-0.00022890833536248767,-0.016742158696856215,208.5,0.7150550214802618,0.003107574675391105
20,Wendell Moore Jr.,3000,0.0,0.0,0.0,5945,7,-15.0,PG/SG,DET,0.0,0.0,0.0,0.0,0.0,11.0,4,247,0.0,-1.0039162406423618,0.0,3033.3333333333335,0.0,0.0,0.0,1,0.0,0,1143.8,0.0,-12.0,-15.0,0.0,207.0,-0.00022890833536248767,-0.016742158696856215,208.5,0.7150550214802618,0.003107574675391105
20,Bobi Klintman,3000,0.0,0.0,0.0,5945,7,-15.0,PF,DET,0.0,0.0,0.0,0.0,0.0,11.0,3,247,0.0,-1.0039162406423618,0.0,3033.3333333333335,0.0,0.0,0.0,1,0.0,0,1143.8,0.0,-12.0,-15.0,0.0,207.0,-0.00022890833536248767,-0.016742158696856215,208.5,0.7150550214802618,0.003107574675391105
20,Gui Santos,3000,0.0,0.0,0.0,5945,7,-15.0,SG,GSW,0.0,0.0,0.0,0.0,0.0,12.0,3,247,0.0,-1.0039162406423618,0.0,3000.0,0.0,0.0,0.0,1,0.0,0,1887.27,0.0,-12.0,-15.0,0.0,207.0,-0.00022890833536248767,-0.016742158696856215,208.5,0.7150550214802618,0.003107574675391105
20,Pat Spencer,3000,0.0,0.0,0.0,5945,7,-15.0,PG,GSW,0.0,0.0,0.0,0.0,0.0,12.0,3,247,0.0,-1.0039162406423618,0.0,3000.0,0.0,0.0,0.0,1,0.0,0,1887.27,0.0,-12.0,-15.0,0.0,207.0,-0.00022890833536248767,-0.016742158696856215,208.5,0.7150550214802618,0.003107574675391105
20,Quinten Post,3000,0.0,0.0,0.0,5945,7,-15.0,C,GSW,0.0,0.0,0.0,0.0,0.0,12.0,2,247,0.0,-1.0039162406423618,0.0,3000.0,0.0,0.0,0.0,1,0.0,0,1887.27,0.0,-12.0,-15.0,0.0,207.0,-0.00022890833536248767,-0.016742158696856215,208.5,0.7150550214802618,0.003107574675391105
20,TyTy Washington Jr.,3000,0.0,0.0,0.0,5945,7,-15.0,PG,PHX,0.0,0.0,0.0,0.0,0.0,10.0,3,247,0.0,-1.0039162406423618,0.0,3000.0,0.0,0.0,0.0,1,0.0,0,1696.87,0.0,-12.0,-15.0,0.0,207.0,-0.00022890833536248767,-0.016742158696856215,208.5,0.7150550214802618,0.003107574675391105
20,Bol Bol,3000,0.0,0.0,0.0,5945,7,-15.0,PF/C,PHX,0.0,0.0,0.0,0.0,0.0,10.0,4,247,0.0,-1.0039162406423618,0.0,3000.0,0.0,0.0,0.0,1,0.0,0,1696.87,0.0,-12.0,-15.0,0.0,207.0,-0.00022890833536248767,-0.016742158696856215,208.5,0.7150550214802618,0.003107574675391105
20,Collin Gillespie,3000,0.0,0.0,0.0,5945,7,-15.0,PG,PHX,0.0,0.0,0.0,0.0,0.0,10.0,3,247,0.0,-1.0039162406423618,0.0,3000.0,0.0,0.0,0.0,1,0.0,0,1696.87,0.0,-12.0,-15.0,0.0,207.0,-0.00022890833536248767,-0.016742158696856215,208.5,0.7150550214802618,0.003107574675391105
20,Kris Murray,3000,12.53,4.18,0.0,5945,7,-2.47,SF,POR,5.87,18.0,0.60957,317.0,7.43896587161573e-06,8.0,3,247,0.004176666666666666,0.6494628657759068,2.604909442182697,3000.0,37590.0,2.5480026,7.6379120999999985,0,0.0,0,1123.69,0.011150762220897222,0.5299999999999994,3.3999999999999986,7.364576212899573e-06,207.0,0.005357814108744918,0.3918659140778605,130.0,0.5665009636981886,0.0014282407329510099
20,Justin Minaya,3000,0.0,0.0,0.0,5945,7,-15.0,PF,POR,0.0,0.0,0.0,0.0,0.0,11.0,3,247,0.0,-1.0039162406423618,0.0,3000.0,0.0,0.0,0.0,1,0.0,0,1123.69,0.0,-12.0,-15.0,0.0,207.0,-0.00022890833536248767,-0.016742158696856215,208.5,0.7150550214802618,0.003107574675391105
20,Duop Reath,3000,0.0,0.0,0.0,5945,7,-15.0,C,POR,0.0,0.0,0.0,0.0,0.0,11.0,2,247,0.0,-1.0039162406423618,0.0,3000.0,0.0,0.0,0.0,1,0.0,0,1123.69,0.0,-12.0,-15.0,0.0,207.0,-0.00022890833536248767,-0.016742158696856215,208.5,0.7150550214802618,0.003107574675391105
20,Bryce McGowens,3000,0.0,0.0,0.0,5945,7,-15.0,SG,POR,0.0,0.0,0.0,0.0,0.0,11.0,3,247,0.0,-1.0039162406423618,0.0,3000.0,0.0,0.0,0.0,1,0.0,0,1123.69,0.0,-12.0,-15.0,0.0,207.0,-0.00022890833536248767,-0.016742158696856215,208.5,0.7150550214802618,0.003107574675391105
20,Taze Moore,3000,0.0,0.0,0.0,5945,7,-15.0,SG,POR,0.0,0.0,0.0,0.0,0.0,11.0,3,247,0.0,-1.0039162406423618,0.0,3000.0,0.0,0.0,0.0,1,0.0,0,1123.69,0.0,-12.0,-15.0,0.0,207.0,-0.00022890833536248767,-0.016742158696856215,208.5,0.7150550214802618,0.003107574675391105
20,Matisse Thybulle,3000,0.0,0.0,0.0,5945,7,-15.0,PF,POR,0.0,0.0,0.0,0.0,0.0,11.0,3,247,0.0,-1.0039162406423618,0.0,3000.0,0.0,0.0,0.0,1,0.0,0,1123.69,0.0,-12.0,-15.0,0.0,207.0,-0.00022890833536248767,-0.016742158696856215,208.5,0.7150550214802618,0.003107574675391105
20,Markieff Morris,3000,0.0,0.0,0.0,5945,7,-15.0,PF/C,DAL,0.0,0.0,0.0,0.0,0.0,10.0,4,247,0.0,-1.0039162406423618,0.0,3000.0,0.0,0.0,0.0,1,0.0,0,2102.78,0.0,-12.0,-15.0,0.0,207.0,-0.00022890833536248767,-0.016742158696856215,208.5,0.7150550214802618,0.003107574675391105
20,Jazian Gortman,3000,6.19,2.06,0.0,5945,7,-8.81,PG,DAL,3.98,7.0,0.22757,0.0,0.0,9.0,3,247,0.0020633333333333333,-0.189093044656325,1.9726911717329554,3000.0,18570.0,0.4687942,1.4086583000000001,1,6.19,0,2102.78,0.002943722120240824,-5.81,-4.83,0.0,207.0,0.000352645586950473,0.02579219481510568,160.5,0.6213015855490125,0.0014282382910978278
20,Kessler Edwards,3000,0.0,0.0,0.0,5945,7,-15.0,SG/SF,DAL,0.0,0.0,0.0,0.0,0.0,10.0,5,247,0.0,-1.0039162406423618,0.0,3000.0,0.0,0.0,0.0,1,0.0,0,2102.78,0.0,-12.0,-15.0,0.0,207.0,-0.00022890833536248767,-0.016742158696856215,208.5,0.7150550214802618,0.003107574675391105
20,Brandon Williams,3000,0.0,0.0,0.0,5945,7,-15.0,PG,DAL,0.0,0.0,0.0,0.0,0.0,10.0,3,247,0.0,-1.0039162406423618,0.0,3000.0,0.0,0.0,0.0,1,0.0,0,2102.78,0.0,-12.0,-15.0,0.0,207.0,-0.00022890833536248767,-0.016742158696856215,208.5,0.7150550214802618,0.003107574675391105
20,Dante Exum,3000,0.0,0.0,0.0,5945,7,-15.0,SF,DAL,0.0,0.0,0.0,0.0,0.0,10.0,3,247,0.0,-1.0039162406423618,0.0,3000.0,0.0,0.0,0.0,1,0.0,0,2102.78,0.0,-12.0,-15.0,0.0,207.0,-0.00022890833536248767,-0.016742158696856215,208.5,0.7150550214802618,0.003107574675391105
20,Maxwell Lewis,3000,0.0,0.0,0.0,5945,7,-15.0,PF,LAL,0.0,0.0,0.0,0.0,0.0,10.0,3,247,0.0,-1.0039162406423618,0.0,3000.0,0.0,0.0,0.0,1,0.0,0,1155.69,0.0,-12.0,-15.0,0.0,207.0,-0.00022890833536248767,-0.016742158696856215,208.5,0.7150550214802618,0.003107574675391105
20,Bronny James,3000,0.0,0.0,0.0,5945,7,-15.0,PG/SG,LAL,0.0,0.0,0.0,0.0,0.0,10.0,4,247,0.0,-1.0039162406423618,0.0,3000.0,0.0,0.0,0.0,1,0.0,0,1155.69,0.0,-12.0,-15.0,0.0,207.0,-0.00022890833536248767,-0.016742158696856215,208.5,0.7150550214802618,0.003107574675391105
20,Jalen Hood-Schifino,3000,0.0,0.0,0.0,5945,7,-15.0,PG/SG,LAL,0.0,0.0,0.0,0.0,0.0,10.0,4,247,0.0,-1.0039162406423618,0.0,3000.0,0.0,0.0,0.0,1,0.0,0,1155.69,0.0,-12.0,-15.0,0.0,207.0,-0.00022890833536248767,-0.016742158696856215,208.5,0.7150550214802618,0.003107574675391105
20,Colby Jones,3000,4.16,1.39,0.0,5945,7,-10.84,SG/SF,SAC,2.62,6.0,0.19580999999999998,0.0,0.0,9.0,5,247,0.0013866666666666667,-0.454108355972172,1.6409365794934714,3000.0,12480.0,0.27217589999999997,0.8145696,1,4.16,0,1199.19,0.003469008247233549,-7.84,-8.219999999999999,0.0,207.0,0.0003887013952623697,0.028429285612805503,159.0,0.6185140385794248,0.0014282382910978278
20,Jordan McLaughlin,3000,0.0,0.0,0.0,5945,7,-15.0,PG,SAC,0.0,0.0,0.0,0.0,0.0,10.0,3,247,0.0,-1.0039162406423618,0.0,3000.0,0.0,0.0,0.0,1,0.0,0,1199.19,0.0,-12.0,-15.0,0.0,207.0,-0.00022890833536248767,-0.016742158696856215,208.5,0.7150550214802618,0.003107574675391105
20,Jae Crowder,3000,0.0,0.0,0.0,5945,7,-15.0,PF,SAC,0.0,0.0,0.0,0.0,0.0,10.0,3,247,0.0,-1.0039162406423618,0.0,3000.0,0.0,0.0,0.0,1,0.0,0,1199.19,0.0,-12.0,-15.0,0.0,207.0,-0.00022890833536248767,-0.016742158696856215,208.5,0.7150550214802618,0.003107574675391105
20,Orlando Robinson,3000,0.0,0.0,0.0,5945,7,-15.0,C,SAC,0.0,0.0,0.0,0.0,0.0,10.0,2,247,0.0,-1.0039162406423618,0.0,3000.0,0.0,0.0,0.0,1,0.0,0,1199.19,0.0,-12.0,-15.0,0.0,207.0,-0.00022890833536248767,-0.016742158696856215,208.5,0.7150550214802618,0.003107574675391105
20,Mason Jones,3000,0.0,0.0,0.0,5945,7,-15.0,SG,SAC,0.0,0.0,0.0,0.0,0.0,10.0,3,247,0.0,-1.0039162406423618,0.0,3000.0,0.0,0.0,0.0,1,0.0,0,1199.19,0.0,-12.0,-15.0,0.0,207.0,-0.00022890833536248767,-0.016742158696856215,208.5,0.7150550214802618,0.003107574675391105
20,Isaiah Crawford,3000,0.0,0.0,0.0,5945,7,-15.0,PF,SAC,0.0,0.0,0.0,0.0,0.0,10.0,3,247,0.0,-1.0039162406423618,0.0,3000.0,0.0,0.0,0.0,1,0.0,0,1199.19,0.0,-12.0,-15.0,0.0,207.0,-0.00022890833536248767,-0.016742158696856215,208.5,0.7150550214802618,0.003107574675391105
20,Isaac Jones,3000,0.0,0.0,0.0,5945,7,-15.0,C,SAC,0.0,0.0,0.0,0.0,0.0,10.0,2,247,0.0,-1.0039162406423618,0.0,3000.0,0.0,0.0,0.0,1,0.0,0,1199.19,0.0,-12.0,-15.0,0.0,207.0,-0.00022890833536248767,-0.016742158696856215,208.5,0.7150550214802618,0.003107574675391105
20,Devin Carter,3000,0.0,0.0,0.0,5945,7,-15.0,PG,SAC,0.0,0.0,0.0,0.0,0.0,10.0,3,247,0.0,-1.0039162406423618,0.0,3000.0,0.0,0.0,0.0,1,0.0,0,1199.19,0.0,-12.0,-15.0,0.0,207.0,-0.00022890833536248767,-0.016742158696856215,208.5,0.7150550214802618,0.003107574675391105
