PG,SG,SF,PF,C,G,F,UTIL,Proj,Ceiling,Salary,Cash %,Top 1%,ROI%,Wins,Own Sum,Avg Return,Stack1,Stack2,Lineup,Dupes,User,Index,Entry ID
Damion Baugh (37770458),Devin Booker (37770025),Vince Williams Jr. (37770467),Chris Boucher (37770396),Alperen Sengun (37770052),Ja Morant (37770078),Kelly Olynyk (37770294),Zion Williamson (37770048),274.20000000000005,377.20000000000005,49800,100.00%,29900,3625.24%,189,80.0,$145.01,MEM 2,NOP 2,user13,1,marvalshot,17842,4649272436_13
Luka Doncic (37770002),Payton Pritchard (37770208),Sam Hauser (37770402),Chris Boucher (37770396),Karlo Matkovic (37770342),Ja Morant (37770078),Tari Eason (37770190),Alperen Sengun (37770052),276.52,372.04999999999995,50000,100.00%,29993,13214.99%,1063,80.0,$528.6,BOS 2,HOU 2,user29,1,marvalshot,17892,4649272437_29
Brandin Podziemski (37770175),Payton Pritchard (37770208),Bradley Beal (37770150),Karlo Matkovic (37770342),Jarrett Allen (37770161),Vince Williams Jr. (37770467),LeBron James (37770008),Alperen Sengun (37770052),277.59,368.84,50000,100.00%,29999,19701.61%,1543,80.0,$788.06,GSW 1,BOS 1,user29,1,marvalshot,17921,4649272438_29
Stephen Curry (37770033),RJ Barrett (37770118),Zion Williamson (37770048),Sam Hauser (37770402),Neemias Queta (37770755),Damion Baugh (37770458),Bradley Beal (37770150),Alperen Sengun (37770052),270.94,365.96,49900,100.00%,25454,449.95%,2,80.0,$18.0,BOS 2,GSW 1,user,30,marvalshot,2308,4649272439
Damion Baugh (37770458),Brandin Podziemski (37770175),Zion Williamson (37770048),Karlo Matkovic (37770342),Alperen Sengun (37770052),Vince Williams Jr. (37770467),Tari Eason (37770190),LeBron James (37770008),273.2,373.86,49900,100.00%,29680,1188.03%,11,80.0,$47.52,NOP 2,HOU 2,user19,1,marvalshot,17940,4649272440_19
Austin Reaves (37770083),Damion Baugh (37770458),Jaylen Brown (37770094),Kelly Olynyk (37770294),Kristaps Porzingis (37770106),Stephen Curry (37770033),Vince Williams Jr. (37770467),Jarrett Allen (37770161),273.35,362.02000000000004,49900,100.00%,29302,2789.0%,133,80.0,$111.56,BOS 2,LAL 1,user3,1,marvalshot,17953,4649272441_3
Brandin Podziemski (37770175),Jaylen Brown (37770094),Vince Williams Jr. (37770467),Karlo Matkovic (37770342),Neemias Queta (37770755),Desmond Bane (37770125),LeBron James (37770008),Alperen Sengun (37770052),276.08,370.05999999999995,50000,100.00%,29991,9701.56%,620,80.0,$388.06,BOS 2,MEM 2,user22,1,marvalshot,18001,4649272442_22
Stephen Curry (37770033),Brandin Podziemski (37770175),Vince Williams Jr. (37770467),Chris Boucher (37770396),Sandro Mamukelashvili (37770382),Ja Morant (37770078),LeBron James (37770008),Tari Eason (37770190),269.51000000000005,368.70000000000005,50000,100.00%,20704,405.61%,1,80.0,$16.22,GSW 2,MEM 2,user19,1,marvalshot,18027,4649272443_19
Damion Baugh (37770458),Desmond Bane (37770125),LeBron James (37770008),Jaren Jackson Jr. (37770099),Neemias Queta (37770755),Brandin Podziemski (37770175),Karlo Matkovic (37770342),Alperen Sengun (37770052),276.82,372.65999999999997,50000,100.00%,29995,14387.91%,1040,80.0,$575.52,MEM 2,CHA 1,user2,1,marvalshot,18039,4649272444_2
Payton Pritchard (37770208),Damion Baugh (37770458),Sam Hauser (37770402),Karlo Matkovic (37770342),Alperen Sengun (37770052),Ja Morant (37770078),Jaren Jackson Jr. (37770099),Stephen Curry (37770033),277.91999999999996,370.14,50000,100.00%,29998,24225.53%,2011,80.0,$969.02,BOS 2,MEM 2,user4,1,marvalshot,18047,4649272445_4
Damion Baugh (37770458),Vince Williams Jr. (37770467),Zion Williamson (37770048),Chris Boucher (37770396),Alperen Sengun (37770052),Cole Anthony (37770201),LeBron James (37770008),Jarrett Allen (37770161),274.0,378.83,49700,100.00%,29868,3126.49%,125,80.0,$125.06,CHA 1,MEM 1,user21,1,marvalshot,17852,4649272436_21
Brandin Podziemski (37770175),Payton Pritchard (37770208),Sam Hauser (37770402),Chris Boucher (37770396),Jarrett Allen (37770161),Ja Morant (37770078),Trey Murphy III (37770073),Alperen Sengun (37770052),275.95,366.35,49900,100.00%,29967,9552.5%,630,80.0,$382.1,BOS 2,GSW 1,user25,1,marvalshot,17888,4649272437_25
Ja Morant (37770078),Payton Pritchard (37770208),Vince Williams Jr. (37770467),Karlo Matkovic (37770342),Alperen Sengun (37770052),Bradley Beal (37770150),Jaren Jackson Jr. (37770099),Jarrett Allen (37770161),277.6,369.88,49900,100.00%,30000,19119.16%,1420,80.0,$764.77,MEM 3,BOS 1,user28,1,marvalshot,17920,4649272438_28
Stephen Curry (37770033),RJ Barrett (37770118),Zion Williamson (37770048),Sam Hauser (37770402),Neemias Queta (37770755),Damion Baugh (37770458),Bradley Beal (37770150),Alperen Sengun (37770052),270.94,365.96,49900,100.00%,25454,449.95%,2,80.0,$18.0,BOS 2,GSW 1,user1,30,marvalshot,2308,4649272439_1
Stephen Curry (37770033),Damion Baugh (37770458),Moses Moody (37770253),Karlo Matkovic (37770342),Jaren Jackson Jr. (37770099),Vince Williams Jr. (37770467),Zion Williamson (37770048),Alperen Sengun (37770052),272.98999999999995,373.11999999999995,49800,100.00%,29486,1023.95%,4,80.0,$40.96,GSW 2,NOP 2,user10,1,marvalshot,17931,4649272440_10
Ja Morant (37770078),Vince Williams Jr. (37770467),Jaylen Brown (37770094),Karlo Matkovic (37770342),Kristaps Porzingis (37770106),Donovan Mitchell (37770066),Kelly Olynyk (37770294),Jarrett Allen (37770161),273.65,365.78,50000,100.00%,29511,2777.79%,99,80.0,$111.11,MEM 2,BOS 2,user18,1,marvalshot,17968,4649272441_18
Ja Morant (37770078),Jaylen Brown (37770094),Zion Williamson (37770048),Karlo Matkovic (37770342),Neemias Queta (37770755),Damion Baugh (37770458),Bradley Beal (37770150),Alperen Sengun (37770052),275.02,369.79999999999995,50000,100.00%,29959,5022.61%,209,80.0,$200.9,BOS 2,NOP 2,user2,1,marvalshot,17981,4649272442_2
Ja Morant (37770078),Donovan Mitchell (37770066),Bradley Beal (37770150),Chris Boucher (37770396),Kelly Olynyk (37770294),Damion Baugh (37770458),Giannis Antetokounmpo (37769998),Karlo Matkovic (37770342),268.3,364.69,50000,100.00%,14868,331.0%,0,80.0,$13.24,NOP 2,MEM 1,user24,1,marvalshot,18032,4649272443_24
Ja Morant (37770078),Brandin Podziemski (37770175),Bradley Beal (37770150),Santi Aldama (37770228),Neemias Queta (37770755),Stephen Curry (37770033),Karlo Matkovic (37770342),Alperen Sengun (37770052),276.06,368.96000000000004,50000,100.00%,29978,8603.9%,540,80.0,$344.16,MEM 2,GSW 2,user5,1,marvalshot,18042,4649272444_5
Payton Pritchard (37770208),Desmond Bane (37770125),Sam Hauser (37770402),Kelly Olynyk (37770294),Alperen Sengun (37770052),Stephen Curry (37770033),Karlo Matkovic (37770342),Jaren Jackson Jr. (37770099),277.58,370.56,49900,100.00%,30000,19908.96%,1578,80.0,$796.36,BOS 2,MEM 2,user,1,marvalshot,6486,4649272445
Cole Anthony (37770201),Donovan Mitchell (37770066),Bradley Beal (37770150),Chris Boucher (37770396),Alperen Sengun (37770052),Brandin Podziemski (37770175),Kelly Olynyk (37770294),Desmond Bane (37770125),273.63,367.09999999999997,49900,100.00%,29683,2649.95%,116,80.0,$106.0,ORL 1,CLE 1,user2,1,marvalshot,17826,4649272436_2
Ja Morant (37770078),Payton Pritchard (37770208),Sam Hauser (37770402),Chris Boucher (37770396),Alperen Sengun (37770052),Desmond Bane (37770125),Trey Murphy III (37770073),Santi Aldama (37770228),275.43,366.2,50000,100.00%,29942,6759.44%,360,80.0,$270.38,MEM 3,BOS 2,user9,1,marvalshot,17872,4649272437_9
Damion Baugh (37770458),Payton Pritchard (37770208),LeBron James (37770008),Karlo Matkovic (37770342),Jarrett Allen (37770161),Desmond Bane (37770125),Santi Aldama (37770228),Alperen Sengun (37770052),277.43,371.14,49900,100.00%,29997,18541.36%,1416,80.0,$741.65,MEM 2,CHA 1,user16,1,marvalshot,17908,4649272438_16
Stephen Curry (37770033),RJ Barrett (37770118),Zion Williamson (37770048),Sam Hauser (37770402),Neemias Queta (37770755),Damion Baugh (37770458),Bradley Beal (37770150),Alperen Sengun (37770052),270.94,365.96,49900,100.00%,25454,449.95%,2,80.0,$18.0,BOS 2,GSW 1,user2,30,marvalshot,2308,4649272439_2
Cole Anthony (37770201),Nick Smith Jr. (37770212),LeBron James (37770008),Karlo Matkovic (37770342),Kelly Olynyk (37770294),Desmond Bane (37770125),Santi Aldama (37770228),Alperen Sengun (37770052),270.78999999999996,364.5799999999999,49900,100.00%,25241,507.76%,1,80.0,$20.31,NOP 2,MEM 2,user26,1,marvalshot,17947,4649272440_26
Ja Morant (37770078),Damion Baugh (37770458),Jaylen Brown (37770094),Jaren Jackson Jr. (37770099),Kristaps Porzingis (37770106),Bradley Beal (37770150),Olivier-Maxence Prosper (37770416),Wendell Carter Jr. (37770226),273.16999999999996,359.06999999999994,49900,100.00%,29110,2509.64%,102,80.0,$100.39,MEM 2,BOS 2,user7,1,marvalshot,17957,4649272441_7
Brandin Podziemski (37770175),Jaylen Brown (37770094),Vince Williams Jr. (37770467),Kelly Olynyk (37770294),Neemias Queta (37770755),Stephen Curry (37770033),Jaren Jackson Jr. (37770099),Alperen Sengun (37770052),274.58,371.38,49700,100.00%,29912,3642.55%,157,80.0,$145.7,GSW 2,BOS 2,user23,1,marvalshot,18002,4649272442_23
Cole Anthony (37770201),Austin Reaves (37770083),Max Strus (37770286),Chris Boucher (37770396),Wendell Carter Jr. (37770226),Stephen Curry (37770033),Karlo Matkovic (37770342),LeBron James (37770008),267.14,357.52,50000,100.00%,9819,306.48%,0,80.0,$12.26,ORL 2,LAL 2,user29,1,marvalshot,18037,4649272443_29
Brandin Podziemski (37770175),Vince Williams Jr. (37770467),LeBron James (37770008),Karlo Matkovic (37770342),Neemias Queta (37770755),Desmond Bane (37770125),Jaren Jackson Jr. (37770099),Alperen Sengun (37770052),276.17,373.90000000000003,50000,100.00%,29992,8216.96%,292,80.0,$328.68,MEM 3,GSW 1,user4,1,marvalshot,18041,4649272444_4
Payton Pritchard (37770208),Bradley Beal (37770150),Sam Hauser (37770402),Santi Aldama (37770228),Karlo Matkovic (37770342),Stephen Curry (37770033),Jaren Jackson Jr. (37770099),Alperen Sengun (37770052),277.53,366.88,49800,100.00%,30000,16720.09%,917,80.0,$668.8,BOS 2,MEM 2,user3,1,marvalshot,18046,4649272445_3
Devin Booker (37770025),Austin Reaves (37770083),De'Andre Hunter (37770269),Chris Boucher (37770396),Alperen Sengun (37770052),Vince Williams Jr. (37770467),Santi Aldama (37770228),Desmond Bane (37770125),271.5,363.96,50000,100.00%,27044,788.76%,10,80.0,$31.55,MEM 3,PHX 1,user12,1,marvalshot,17841,4649272436_12
Damion Baugh (37770458),Payton Pritchard (37770208),Sam Hauser (37770402),Chris Boucher (37770396),Alperen Sengun (37770052),Austin Reaves (37770083),LeBron James (37770008),Jarrett Allen (37770161),275.24,366.98,49400,100.00%,29966,5155.78%,210,80.0,$206.23,BOS 2,LAL 2,user18,1,marvalshot,17881,4649272437_18
Stephen Curry (37770033),Payton Pritchard (37770208),LeBron James (37770008),Karlo Matkovic (37770342),Kelly Olynyk (37770294),Damion Baugh (37770458),Santi Aldama (37770228),Alperen Sengun (37770052),277.45,373.57,49900,100.00%,29999,16886.0%,1067,80.0,$675.44,NOP 2,GSW 1,user3,1,marvalshot,17895,4649272438_3
Stephen Curry (37770033),RJ Barrett (37770118),Zion Williamson (37770048),Sam Hauser (37770402),Neemias Queta (37770755),Damion Baugh (37770458),Bradley Beal (37770150),Alperen Sengun (37770052),270.94,365.96,49900,100.00%,25454,449.95%,2,80.0,$18.0,BOS 2,GSW 1,user3,30,marvalshot,2308,4649272439_3
Brandin Podziemski (37770175),Damion Baugh (37770458),Zion Williamson (37770048),Sandro Mamukelashvili (37770382),Alperen Sengun (37770052),Luka Doncic (37770002),Kelly Olynyk (37770294),Karlo Matkovic (37770342),270.85,373.69,49700,100.00%,26143,481.13%,0,80.0,$19.25,NOP 3,GSW 1,user11,1,marvalshot,17932,4649272440_11
Stephen Curry (37770033),Damion Baugh (37770458),Jaylen Brown (37770094),Sandro Mamukelashvili (37770382),Kristaps Porzingis (37770106),Desmond Bane (37770125),Jaren Jackson Jr. (37770099),Vince Williams Jr. (37770467),273.21,364.85999999999996,50000,100.00%,29343,2320.01%,91,80.0,$92.8,MEM 3,BOS 2,user27,1,marvalshot,17977,4649272441_27
Ja Morant (37770078),Jaylen Brown (37770094),Zion Williamson (37770048),Karlo Matkovic (37770342),Neemias Queta (37770755),Vince Williams Jr. (37770467),Bradley Beal (37770150),Alperen Sengun (37770052),274.37,371.03999999999996,50000,100.00%,29902,2968.8%,62,80.0,$118.75,MEM 2,BOS 2,user24,1,marvalshot,18003,4649272442_24
Ty Jerome (37770281),Nick Smith Jr. (37770212),Bradley Beal (37770150),Chris Boucher (37770396),Alperen Sengun (37770052),Trey Murphy III (37770073),Zion Williamson (37770048),Karlo Matkovic (37770342),267.09999999999997,359.31999999999994,49600,100.00%,9450,300.49%,0,80.0,$12.02,NOP 3,CLE 1,user17,1,marvalshot,18025,4649272443_17
Stephen Curry (37770033),Damion Baugh (37770458),LeBron James (37770008),Kelly Olynyk (37770294),Neemias Queta (37770755),Jalen Green (37770115),Karlo Matkovic (37770342),Alperen Sengun (37770052),275.86,371.97,49900,100.00%,29986,7911.44%,438,80.0,$316.46,NOP 2,HOU 2,user,1,marvalshot,13234,4649272444
Payton Pritchard (37770208),Devin Booker (37770025),Sam Hauser (37770402),Jaren Jackson Jr. (37770099),Karlo Matkovic (37770342),Bradley Beal (37770150),Santi Aldama (37770228),Alperen Sengun (37770052),277.09,364.15999999999997,50000,100.00%,29995,13955.22%,851,80.0,$558.21,BOS 2,PHX 2,user1,1,marvalshot,18044,4649272445_1
Stephen Curry (37770033),Vince Williams Jr. (37770467),Zion Williamson (37770048),Chris Boucher (37770396),Jarrett Allen (37770161),Desmond Bane (37770125),Sandro Mamukelashvili (37770382),Jaren Jackson Jr. (37770099),270.59000000000003,374.8,49900,100.00%,24533,588.59%,6,80.0,$23.54,MEM 3,GSW 1,user20,1,marvalshot,17850,4649272436_20
Ja Morant (37770078),Payton Pritchard (37770208),Sam Hauser (37770402),Chris Boucher (37770396),Alperen Sengun (37770052),Brandin Podziemski (37770175),Olivier-Maxence Prosper (37770416),Luka Doncic (37770002),275.02,370.35999999999996,49900,100.00%,29922,4953.14%,189,80.0,$198.13,BOS 2,MEM 1,user19,1,marvalshot,17882,4649272437_19
Damion Baugh (37770458),Payton Pritchard (37770208),Bradley Beal (37770150),Jaren Jackson Jr. (37770099),Alperen Sengun (37770052),Jalen Green (37770115),Santi Aldama (37770228),Jarrett Allen (37770161),276.85,366.09000000000003,50000,100.00%,29990,14531.68%,1074,80.0,$581.27,MEM 2,HOU 2,user11,1,marvalshot,17903,4649272438_11
Stephen Curry (37770033),RJ Barrett (37770118),Zion Williamson (37770048),Sam Hauser (37770402),Neemias Queta (37770755),Damion Baugh (37770458),Bradley Beal (37770150),Alperen Sengun (37770052),270.94,365.96,49900,100.00%,25454,449.95%,2,80.0,$18.0,BOS 2,GSW 1,user4,30,marvalshot,2308,4649272439_4
Damion Baugh (37770458),Brandin Podziemski (37770175),Bradley Beal (37770150),LeBron James (37770008),Jaxson Hayes (37770315),Jalen Green (37770115),Vince Williams Jr. (37770467),Alperen Sengun (37770052),270.64,359.53,49700,100.00%,25342,461.75%,0,80.0,$18.47,LAL 2,HOU 2,user,1,marvalshot,8669,4649272440
Damion Baugh (37770458),Vince Williams Jr. (37770467),Jaylen Brown (37770094),Olivier-Maxence Prosper (37770416),Kristaps Porzingis (37770106),Brandin Podziemski (37770175),Jaren Jackson Jr. (37770099),LeBron James (37770008),273.30999999999995,364.28999999999996,49800,100.00%,29453,2264.46%,77,80.0,$90.58,MEM 2,BOS 2,user10,1,marvalshot,17960,4649272441_10
Devin Booker (37770025),Jaylen Brown (37770094),Vince Williams Jr. (37770467),LeBron James (37770008),Neemias Queta (37770755),Damion Baugh (37770458),Kelly Olynyk (37770294),Alperen Sengun (37770052),273.69,368.47,49900,100.00%,29706,2270.48%,70,80.0,$90.82,BOS 2,PHX 1,user25,1,marvalshot,18004,4649272442_25
Damian Lillard (37770019),Bradley Beal (37770150),Vince Williams Jr. (37770467),Chris Boucher (37770396),Wendell Carter Jr. (37770226),Stephen Curry (37770033),Santi Aldama (37770228),Jaren Jackson Jr. (37770099),266.87,358.08,50000,100.00%,8629,298.84%,0,80.0,$11.95,MEM 3,MIL 1,user21,1,marvalshot,18029,4649272443_21
Stephen Curry (37770033),Damion Baugh (37770458),LeBron James (37770008),Karlo Matkovic (37770342),Neemias Queta (37770755),Ja Morant (37770078),Olivier-Maxence Prosper (37770416),Alperen Sengun (37770052),275.83,373.36,50000,100.00%,29982,7848.11%,409,80.0,$313.92,GSW 1,CHA 1,user1,1,marvalshot,18038,4649272444_1
Payton Pritchard (37770208),Vince Williams Jr. (37770467),Sam Hauser (37770402),Jaren Jackson Jr. (37770099),Alperen Sengun (37770052),Ja Morant (37770078),Karlo Matkovic (37770342),Stephen Curry (37770033),277.27,371.38,50000,100.00%,29997,12932.46%,489,80.0,$517.3,MEM 3,BOS 2,user2,1,marvalshot,18045,4649272445_2
Stephen Curry (37770033),Moses Moody (37770253),Jimmy Butler (37770090),Chris Boucher (37770396),Jaren Jackson Jr. (37770099),Vince Williams Jr. (37770467),De'Andre Hunter (37770269),Alperen Sengun (37770052),270.90999999999997,367.76,50000,100.00%,25906,569.93%,2,80.0,$22.8,GSW 3,MEM 2,user22,1,marvalshot,17854,4649272436_22
Stephen Curry (37770033),Payton Pritchard (37770208),Sam Hauser (37770402),Chris Boucher (37770396),Alperen Sengun (37770052),Jalen Green (37770115),Vince Williams Jr. (37770467),Zion Williamson (37770048),274.87,373.57,49800,100.00%,29948,4803.29%,267,80.0,$192.13,BOS 2,HOU 2,user8,1,marvalshot,17871,4649272437_8
Brandin Podziemski (37770175),Payton Pritchard (37770208),Bradley Beal (37770150),Kelly Olynyk (37770294),Jarrett Allen (37770161),Stephen Curry (37770033),Karlo Matkovic (37770342),Alperen Sengun (37770052),277.08,367.35,49700,100.00%,30000,12056.97%,586,80.0,$482.28,GSW 2,NOP 2,user24,1,marvalshot,17916,4649272438_24
Stephen Curry (37770033),RJ Barrett (37770118),Zion Williamson (37770048),Sam Hauser (37770402),Neemias Queta (37770755),Damion Baugh (37770458),Bradley Beal (37770150),Alperen Sengun (37770052),270.94,365.96,49900,100.00%,25454,449.95%,2,80.0,$18.0,BOS 2,GSW 1,user5,30,marvalshot,2308,4649272439_5
Ty Jerome (37770281),Jalen Green (37770115),Jimmy Butler (37770090),Karlo Matkovic (37770342),Alperen Sengun (37770052),Brandin Podziemski (37770175),Kelly Olynyk (37770294),Desmond Bane (37770125),270.25,362.36,50000,100.00%,23550,443.92%,0,80.0,$17.76,HOU 2,GSW 2,user29,1,marvalshot,17950,4649272440_29
Damion Baugh (37770458),Brandin Podziemski (37770175),Jaylen Brown (37770094),LeBron James (37770008),Kristaps Porzingis (37770106),Vince Williams Jr. (37770467),Sandro Mamukelashvili (37770382),Jaren Jackson Jr. (37770099),273.1,365.99,50000,100.00%,29294,2014.65%,62,80.0,$80.59,BOS 2,MEM 2,user28,1,marvalshot,17978,4649272441_28
Damion Baugh (37770458),Jaylen Brown (37770094),Vince Williams Jr. (37770467),Paolo Banchero (37770063),Neemias Queta (37770755),Stephen Curry (37770033),Bradley Beal (37770150),Alperen Sengun (37770052),273.68,363.07,49900,100.00%,29698,2254.96%,76,80.0,$90.2,BOS 2,CHA 1,user5,1,marvalshot,17984,4649272442_5
Luka Doncic (37770002),Damion Baugh (37770458),Vince Williams Jr. (37770467),Chris Boucher (37770396),Alperen Sengun (37770052),Ty Jerome (37770281),Giannis Antetokounmpo (37769998),Olivier-Maxence Prosper (37770416),266.53000000000003,371.08000000000004,49700,100.00%,6915,291.84%,0,80.0,$11.67,LAL 1,CHA 1,user7,1,marvalshot,18015,4649272443_7
Stephen Curry (37770033),Damion Baugh (37770458),Jimmy Butler (37770090),Jaren Jackson Jr. (37770099),Neemias Queta (37770755),Bradley Beal (37770150),Karlo Matkovic (37770342),Alperen Sengun (37770052),275.68,367.63,50000,100.00%,29977,6952.72%,356,80.0,$278.11,GSW 2,CHA 1,user3,1,marvalshot,18040,4649272444_3
Payton Pritchard (37770208),Desmond Bane (37770125),Sam Hauser (37770402),Karlo Matkovic (37770342),Alperen Sengun (37770052),Brandin Podziemski (37770175),Bradley Beal (37770150),Stephen Curry (37770033),277.02,362.72999999999996,50000,100.00%,29996,12716.07%,700,80.0,$508.64,BOS 2,GSW 2,user5,1,marvalshot,18048,4649272445_5
Damion Baugh (37770458),Austin Reaves (37770083),Zion Williamson (37770048),Chris Boucher (37770396),Karlo Matkovic (37770342),Vince Williams Jr. (37770467),LeBron James (37770008),Ja Morant (37770078),271.01,370.28999999999996,50000,100.00%,26618,565.8%,1,80.0,$22.63,LAL 2,NOP 2,user8,1,marvalshot,17837,4649272436_8
Cole Anthony (37770201),Payton Pritchard (37770208),Sam Hauser (37770402),Chris Boucher (37770396),Alperen Sengun (37770052),Luka Doncic (37770002),Paolo Banchero (37770063),Karlo Matkovic (37770342),274.57,368.28,49900,100.00%,29882,3562.5%,114,80.0,$142.5,ORL 2,BOS 2,user26,1,marvalshot,17889,4649272437_26
Damion Baugh (37770458),Payton Pritchard (37770208),Vince Williams Jr. (37770467),Jaren Jackson Jr. (37770099),Alperen Sengun (37770052),Desmond Bane (37770125),Karlo Matkovic (37770342),LeBron James (37770008),277.01,371.71999999999997,49900,100.00%,30000,11471.74%,532,80.0,$458.87,MEM 3,CHA 1,user1,1,marvalshot,17893,4649272438_1
Stephen Curry (37770033),RJ Barrett (37770118),Zion Williamson (37770048),Sam Hauser (37770402),Neemias Queta (37770755),Damion Baugh (37770458),Bradley Beal (37770150),Alperen Sengun (37770052),270.94,365.96,49900,100.00%,25454,449.95%,2,80.0,$18.0,BOS 2,GSW 1,user6,30,marvalshot,2308,4649272439_6
Damion Baugh (37770458),Brandin Podziemski (37770175),Naji Marshall (37770265),Karlo Matkovic (37770342),Alperen Sengun (37770052),Desmond Bane (37770125),Santi Aldama (37770228),Luka Doncic (37770002),270.11,363.1,49700,100.00%,23151,426.02%,0,80.0,$17.04,MEM 2,CHA 1,user21,1,marvalshot,17942,4649272440_21
Brandin Podziemski (37770175),Vince Williams Jr. (37770467),Jaylen Brown (37770094),Karlo Matkovic (37770342),Kristaps Porzingis (37770106),Stephen Curry (37770033),Sandro Mamukelashvili (37770382),Paolo Banchero (37770063),272.71999999999997,362.41999999999996,50000,100.00%,28856,1562.95%,41,80.0,$62.52,GSW 2,BOS 2,user23,1,marvalshot,17973,4649272441_23
Austin Reaves (37770083),Jaylen Brown (37770094),Vince Williams Jr. (37770467),Jaren Jackson Jr. (37770099),Neemias Queta (37770755),Brandin Podziemski (37770175),Tari Eason (37770190),Alperen Sengun (37770052),272.65999999999997,365.16999999999996,50000,100.00%,28834,1243.62%,21,80.0,$49.74,BOS 2,MEM 2,user16,1,marvalshot,17995,4649272442_16
Jose Alvarado (37770193),Austin Reaves (37770083),De'Andre Hunter (37770269),Chris Boucher (37770396),Alperen Sengun (37770052),Damion Baugh (37770458),Tari Eason (37770190),LeBron James (37770008),266.48,359.63,49900,100.00%,7009,291.74%,0,80.0,$11.67,LAL 2,HOU 2,user26,1,marvalshot,18034,4649272443_26
Damion Baugh (37770458),Vince Williams Jr. (37770467),LeBron James (37770008),Royce O'Neale (37770275),Neemias Queta (37770755),Stephen Curry (37770033),Jaren Jackson Jr. (37770099),Alperen Sengun (37770052),272.86,370.07000000000005,50000,100.00%,29206,780.78%,8,80.0,$31.23,MEM 2,CHA 1,user6,24,marvalshot,18043,4649272444_6
Payton Pritchard (37770208),Desmond Bane (37770125),Sam Hauser (37770402),Tari Eason (37770190),Alperen Sengun (37770052),Stephen Curry (37770033),Kelly Olynyk (37770294),Bradley Beal (37770150),274.19,362.83,50000,100.00%,29654,1345.97%,55,80.0,$53.84,BOS 2,HOU 2,user6,24,marvalshot,18049,4649272445_6
Donovan Mitchell (37770066),Jalen Green (37770115),Vince Williams Jr. (37770467),Chris Boucher (37770396),Alperen Sengun (37770052),Damion Baugh (37770458),Jimmy Butler (37770090),Bradley Beal (37770150),270.67,361.17,49400,100.00%,25658,514.44%,0,80.0,$20.58,HOU 2,CLE 1,user6,1,marvalshot,17834,4649272436_6
Amen Thompson (37770054),Payton Pritchard (37770208),Sam Hauser (37770402),Chris Boucher (37770396),Wendell Carter Jr. (37770226),Desmond Bane (37770125),Jaren Jackson Jr. (37770099),Alperen Sengun (37770052),274.35999999999996,364.89,49900,100.00%,29744,3435.45%,129,80.0,$137.42,HOU 2,BOS 2,user2,1,marvalshot,17865,4649272437_2
Ja Morant (37770078),Payton Pritchard (37770208),LeBron James (37770008),Karlo Matkovic (37770342),Alperen Sengun (37770052),Damion Baugh (37770458),Kelly Olynyk (37770294),Brandin Podziemski (37770175),276.84,371.59,50000,100.00%,29999,10824.45%,532,80.0,$432.98,NOP 2,MEM 1,user,1,marvalshot,13231,4649272438
Stephen Curry (37770033),RJ Barrett (37770118),Zion Williamson (37770048),Sam Hauser (37770402),Neemias Queta (37770755),Damion Baugh (37770458),Bradley Beal (37770150),Alperen Sengun (37770052),270.94,365.96,49900,100.00%,25454,449.95%,2,80.0,$18.0,BOS 2,GSW 1,user7,30,marvalshot,2308,4649272439_7
Damion Baugh (37770458),Donovan Mitchell (37770066),Naji Marshall (37770265),Karlo Matkovic (37770342),Alperen Sengun (37770052),Ja Morant (37770078),Jaren Jackson Jr. (37770099),Kelly Olynyk (37770294),270.09000000000003,365.93000000000006,49600,100.00%,23258,409.25%,0,80.0,$16.37,NOP 2,MEM 2,user2,1,marvalshot,17923,4649272440_2
Donovan Mitchell (37770066),Desmond Bane (37770125),Jaylen Brown (37770094),Santi Aldama (37770228),Kristaps Porzingis (37770106),Damion Baugh (37770458),Karlo Matkovic (37770342),Jarrett Allen (37770161),272.47999999999996,360.02,49600,100.00%,28500,1433.85%,36,80.0,$57.35,CLE 2,MEM 2,user19,1,marvalshot,17969,4649272441_19
Damion Baugh (37770458),Jaylen Brown (37770094),Zion Williamson (37770048),Santi Aldama (37770228),Neemias Queta (37770755),Stephen Curry (37770033),Kelly Olynyk (37770294),Alperen Sengun (37770052),272.7,373.62,49700,100.00%,28986,1189.0%,15,80.0,$47.56,BOS 2,NOP 2,user15,1,marvalshot,17994,4649272442_15
Cole Anthony (37770201),Vince Williams Jr. (37770467),Zion Williamson (37770048),Chris Boucher (37770396),Nick Richards (37770258),Desmond Bane (37770125),Jimmy Butler (37770090),Alperen Sengun (37770052),266.14,368.86,49700,100.00%,5834,291.02%,0,80.0,$11.64,MEM 2,ORL 1,user14,1,marvalshot,18022,4649272443_14
Damion Baugh (37770458),Vince Williams Jr. (37770467),LeBron James (37770008),Royce O'Neale (37770275),Neemias Queta (37770755),Stephen Curry (37770033),Jaren Jackson Jr. (37770099),Alperen Sengun (37770052),272.86,370.07000000000005,50000,100.00%,29206,780.78%,8,80.0,$31.23,MEM 2,CHA 1,user7,24,marvalshot,18043,4649272444_7
Payton Pritchard (37770208),Desmond Bane (37770125),Sam Hauser (37770402),Tari Eason (37770190),Alperen Sengun (37770052),Stephen Curry (37770033),Kelly Olynyk (37770294),Bradley Beal (37770150),274.19,362.83,50000,100.00%,29654,1345.97%,55,80.0,$53.84,BOS 2,HOU 2,user7,24,marvalshot,18049,4649272445_7
Devin Booker (37770025),Damion Baugh (37770458),Naji Marshall (37770265),Chris Boucher (37770396),Jarrett Allen (37770161),Ja Morant (37770078),LeBron James (37770008),Karlo Matkovic (37770342),270.39000000000004,363.24,49900,100.00%,24002,502.8%,0,80.0,$20.11,PHX 1,CHA 1,user1,1,marvalshot,17823,4649272436_1
Brandin Podziemski (37770175),Payton Pritchard (37770208),Sam Hauser (37770402),Chris Boucher (37770396),Jarrett Allen (37770161),Jalen Green (37770115),Zion Williamson (37770048),Alperen Sengun (37770052),274.23,370.78000000000003,49500,100.00%,29775,2833.71%,67,80.0,$113.35,BOS 2,HOU 2,user6,1,marvalshot,17869,4649272437_6
Stephen Curry (37770033),Payton Pritchard (37770208),LeBron James (37770008),Kelly Olynyk (37770294),Alperen Sengun (37770052),Vince Williams Jr. (37770467),Karlo Matkovic (37770342),Santi Aldama (37770228),276.8,374.81,49900,100.00%,29995,10055.09%,406,80.0,$402.2,NOP 2,MEM 2,user21,1,marvalshot,17913,4649272438_21
Stephen Curry (37770033),RJ Barrett (37770118),Zion Williamson (37770048),Sam Hauser (37770402),Neemias Queta (37770755),Damion Baugh (37770458),Bradley Beal (37770150),Alperen Sengun (37770052),270.94,365.96,49900,100.00%,25454,449.95%,2,80.0,$18.0,BOS 2,GSW 1,user8,30,marvalshot,2308,4649272439_8
Damion Baugh (37770458),Trey Murphy III (37770073),Zion Williamson (37770048),Santi Aldama (37770228),Alperen Sengun (37770052),Vince Williams Jr. (37770467),Moses Moody (37770253),Jaren Jackson Jr. (37770099),269.72,367.41,50000,100.00%,21564,402.6%,0,80.0,$16.1,MEM 3,NOP 2,user3,1,marvalshot,17924,4649272440_3
Luka Doncic (37770002),Vince Williams Jr. (37770467),Jaylen Brown (37770094),Olivier-Maxence Prosper (37770416),Kristaps Porzingis (37770106),Ja Morant (37770078),Kelly Olynyk (37770294),Karlo Matkovic (37770342),272.47,365.58000000000004,49900,100.00%,28605,1383.5%,29,80.0,$55.34,MEM 2,BOS 2,user15,1,marvalshot,17965,4649272441_15
Damion Baugh (37770458),Jaylen Brown (37770094),Bradley Beal (37770150),LeBron James (37770008),Neemias Queta (37770755),Stephen Curry (37770033),Karlo Matkovic (37770342),Jarrett Allen (37770161),272.77,360.84,49900,100.00%,28952,1171.42%,13,80.0,$46.86,BOS 2,CHA 1,user,1,marvalshot,3986,4649272442
Donovan Mitchell (37770066),Vince Williams Jr. (37770467),Royce O'Neale (37770275),Chris Boucher (37770396),Kelly Olynyk (37770294),Stephen Curry (37770033),Amen Thompson (37770054),Jaren Jackson Jr. (37770099),265.99,359.29,50000,100.00%,5720,289.79%,0,80.0,$11.59,MEM 2,CLE 1,user15,1,marvalshot,18023,4649272443_15
Damion Baugh (37770458),Vince Williams Jr. (37770467),LeBron James (37770008),Royce O'Neale (37770275),Neemias Queta (37770755),Stephen Curry (37770033),Jaren Jackson Jr. (37770099),Alperen Sengun (37770052),272.86,370.07000000000005,50000,100.00%,29206,780.78%,8,80.0,$31.23,MEM 2,CHA 1,user8,24,marvalshot,18043,4649272444_8
Payton Pritchard (37770208),Desmond Bane (37770125),Sam Hauser (37770402),Tari Eason (37770190),Alperen Sengun (37770052),Stephen Curry (37770033),Kelly Olynyk (37770294),Bradley Beal (37770150),274.19,362.83,50000,100.00%,29654,1345.97%,55,80.0,$53.84,BOS 2,HOU 2,user8,24,marvalshot,18049,4649272445_8
Luka Doncic (37770002),Jalen Green (37770115),Royce O'Neale (37770275),Chris Boucher (37770396),Alperen Sengun (37770052),Brandin Podziemski (37770175),Brandon Clarke (37770406),Santi Aldama (37770228),270.09000000000003,365.57000000000005,50000,100.00%,22650,502.74%,4,80.0,$20.11,HOU 2,MEM 2,user16,1,marvalshot,17846,4649272436_16
Brandin Podziemski (37770175),Payton Pritchard (37770208),Sam Hauser (37770402),Chris Boucher (37770396),Kelly Olynyk (37770294),Stephen Curry (37770033),Jaren Jackson Jr. (37770099),LeBron James (37770008),274.26,369.31,50000,100.00%,29769,2805.69%,94,80.0,$112.23,GSW 2,BOS 2,user15,1,marvalshot,17878,4649272437_15
Brandin Podziemski (37770175),Payton Pritchard (37770208),Bradley Beal (37770150),Karlo Matkovic (37770342),Jarrett Allen (37770161),Devin Booker (37770025),Kelly Olynyk (37770294),Alperen Sengun (37770052),276.64,364.63,49900,100.00%,29991,10007.08%,442,80.0,$400.28,PHX 2,NOP 2,user13,1,marvalshot,17905,4649272438_13
Stephen Curry (37770033),RJ Barrett (37770118),Zion Williamson (37770048),Sam Hauser (37770402),Neemias Queta (37770755),Damion Baugh (37770458),Bradley Beal (37770150),Alperen Sengun (37770052),270.94,365.96,49900,100.00%,25454,449.95%,2,80.0,$18.0,BOS 2,GSW 1,user9,30,marvalshot,2308,4649272439_9
Brandin Podziemski (37770175),Bradley Beal (37770150),Vince Williams Jr. (37770467),Jimmy Butler (37770090),Alperen Sengun (37770052),Austin Reaves (37770083),Karlo Matkovic (37770342),Cole Anthony (37770201),269.79999999999995,356.67999999999995,49700,100.00%,22176,396.43%,0,80.0,$15.86,GSW 2,PHX 1,user17,1,marvalshot,17938,4649272440_17
CJ McCollum (37770108),Cole Anthony (37770201),Jaylen Brown (37770094),Santi Aldama (37770228),Kristaps Porzingis (37770106),Damion Baugh (37770458),Royce O'Neale (37770275),Alperen Sengun (37770052),272.10999999999996,359.03,50000,100.00%,27896,1318.28%,32,80.0,$52.73,BOS 2,NOP 1,user26,1,marvalshot,17976,4649272441_26
Brandin Podziemski (37770175),Jaylen Brown (37770094),LeBron James (37770008),Santi Aldama (37770228),Neemias Queta (37770755),Bradley Beal (37770150),Karlo Matkovic (37770342),Jaren Jackson Jr. (37770099),272.59000000000003,362.01000000000005,50000,100.00%,28663,1059.21%,8,80.0,$42.37,BOS 2,MEM 2,user12,1,marvalshot,17991,4649272442_12
Cole Anthony (37770201),Brandin Podziemski (37770175),Vince Williams Jr. (37770467),Chris Boucher (37770396),Alperen Sengun (37770052),Luka Doncic (37770002),Brandon Clarke (37770406),Miles Bridges (37770070),266.01,365.75,49900,100.00%,5430,289.49%,0,80.0,$11.58,MEM 2,ORL 1,user1,1,marvalshot,18009,4649272443_1
Damion Baugh (37770458),Vince Williams Jr. (37770467),LeBron James (37770008),Royce O'Neale (37770275),Neemias Queta (37770755),Stephen Curry (37770033),Jaren Jackson Jr. (37770099),Alperen Sengun (37770052),272.86,370.07000000000005,50000,100.00%,29206,780.78%,8,80.0,$31.23,MEM 2,CHA 1,user9,24,marvalshot,18043,4649272444_9
Payton Pritchard (37770208),Desmond Bane (37770125),Sam Hauser (37770402),Tari Eason (37770190),Alperen Sengun (37770052),Stephen Curry (37770033),Kelly Olynyk (37770294),Bradley Beal (37770150),274.19,362.83,50000,100.00%,29654,1345.97%,55,80.0,$53.84,BOS 2,HOU 2,user9,24,marvalshot,18049,4649272445_9
Ty Jerome (37770281),Jalen Green (37770115),Bradley Beal (37770150),Chris Boucher (37770396),Jaren Jackson Jr. (37770099),Cole Anthony (37770201),Draymond Green (37770171),Alperen Sengun (37770052),270.21,363.04999999999995,49900,100.00%,23144,501.8%,3,80.0,$20.07,HOU 2,CLE 1,user14,1,marvalshot,17844,4649272436_14
Devin Booker (37770025),Payton Pritchard (37770208),Sam Hauser (37770402),Chris Boucher (37770396),Alperen Sengun (37770052),Brandin Podziemski (37770175),Amen Thompson (37770054),Santi Aldama (37770228),273.95,362.45,50000,100.00%,29621,2409.58%,57,80.0,$96.38,BOS 2,HOU 2,user1,1,marvalshot,17864,4649272437_1
Damion Baugh (37770458),Payton Pritchard (37770208),LeBron James (37770008),Santi Aldama (37770228),Jarrett Allen (37770161),Vince Williams Jr. (37770467),Jaren Jackson Jr. (37770099),Alperen Sengun (37770052),276.44,373.95000000000005,49900,100.00%,29992,9372.23%,439,80.0,$374.89,MEM 3,CHA 1,user15,1,marvalshot,17907,4649272438_15
Stephen Curry (37770033),RJ Barrett (37770118),Zion Williamson (37770048),Sam Hauser (37770402),Neemias Queta (37770755),Damion Baugh (37770458),Bradley Beal (37770150),Alperen Sengun (37770052),270.94,365.96,49900,100.00%,25454,449.95%,2,80.0,$18.0,BOS 2,GSW 1,user10,30,marvalshot,2308,4649272439_10
Stephen Curry (37770033),Brandin Podziemski (37770175),Vince Williams Jr. (37770467),Jaren Jackson Jr. (37770099),Kelly Olynyk (37770294),Desmond Bane (37770125),Karlo Matkovic (37770342),Austin Reaves (37770083),269.89,360.91999999999996,49800,100.00%,22303,394.16%,0,80.0,$15.77,MEM 3,GSW 2,user8,1,marvalshot,17929,4649272440_8
Brandin Podziemski (37770175),Jalen Green (37770115),Jaylen Brown (37770094),Tari Eason (37770190),Kristaps Porzingis (37770106),Vince Williams Jr. (37770467),Karlo Matkovic (37770342),Ja Morant (37770078),272.31999999999994,359.2099999999999,49900,100.00%,28261,1271.93%,22,80.0,$50.88,HOU 2,BOS 2,user21,1,marvalshot,17971,4649272441_21
Ja Morant (37770078),Jaylen Brown (37770094),Zion Williamson (37770048),Olivier-Maxence Prosper (37770416),Neemias Queta (37770755),Brandin Podziemski (37770175),Karlo Matkovic (37770342),Alperen Sengun (37770052),272.59999999999997,370.97999999999996,49700,100.00%,28877,1055.82%,5,80.0,$42.23,BOS 2,NOP 2,user10,1,marvalshot,17989,4649272442_10
Donovan Mitchell (37770066),Jalen Green (37770115),Vince Williams Jr. (37770467),Chris Boucher (37770396),Jaxson Hayes (37770315),Stephen Curry (37770033),Tari Eason (37770190),Ja Morant (37770078),265.65,359.68999999999994,50000,100.00%,4868,286.98%,0,80.0,$11.48,HOU 2,MEM 2,user11,1,marvalshot,18019,4649272443_11
Damion Baugh (37770458),Vince Williams Jr. (37770467),LeBron James (37770008),Royce O'Neale (37770275),Neemias Queta (37770755),Stephen Curry (37770033),Jaren Jackson Jr. (37770099),Alperen Sengun (37770052),272.86,370.07000000000005,50000,100.00%,29206,780.78%,8,80.0,$31.23,MEM 2,CHA 1,user10,24,marvalshot,18043,4649272444_10
Payton Pritchard (37770208),Desmond Bane (37770125),Sam Hauser (37770402),Tari Eason (37770190),Alperen Sengun (37770052),Stephen Curry (37770033),Kelly Olynyk (37770294),Bradley Beal (37770150),274.19,362.83,50000,100.00%,29654,1345.97%,55,80.0,$53.84,BOS 2,HOU 2,user10,24,marvalshot,18049,4649272445_10
Amen Thompson (37770054),Bradley Beal (37770150),Rui Hachimura (37770179),Chris Boucher (37770396),Alperen Sengun (37770052),Vince Williams Jr. (37770467),Zion Williamson (37770048),Karlo Matkovic (37770342),270.40000000000003,361.93000000000006,49400,100.00%,24735,468.84%,1,80.0,$18.75,HOU 2,NOP 2,user27,1,marvalshot,17860,4649272436_27
Damion Baugh (37770458),Payton Pritchard (37770208),Sam Hauser (37770402),Chris Boucher (37770396),Alperen Sengun (37770052),Donovan Mitchell (37770066),Zion Williamson (37770048),Ja Morant (37770078),273.9,373.38,50000,100.00%,29785,2289.4%,40,80.0,$91.58,BOS 2,CHA 1,user7,1,marvalshot,17870,4649272437_7
Brandin Podziemski (37770175),Payton Pritchard (37770208),Vince Williams Jr. (37770467),LeBron James (37770008),Alperen Sengun (37770052),Stephen Curry (37770033),Olivier-Maxence Prosper (37770416),Karlo Matkovic (37770342),276.46,371.57,50000,100.00%,29997,8270.51%,332,80.0,$330.82,GSW 2,BOS 1,user18,1,marvalshot,17910,4649272438_18
Stephen Curry (37770033),RJ Barrett (37770118),Zion Williamson (37770048),Sam Hauser (37770402),Neemias Queta (37770755),Damion Baugh (37770458),Bradley Beal (37770150),Alperen Sengun (37770052),270.94,365.96,49900,100.00%,25454,449.95%,2,80.0,$18.0,BOS 2,GSW 1,user11,30,marvalshot,2308,4649272439_11
Amen Thompson (37770054),Damion Baugh (37770458),Vince Williams Jr. (37770467),LeBron James (37770008),Sandro Mamukelashvili (37770382),Ja Morant (37770078),Olivier-Maxence Prosper (37770416),Alperen Sengun (37770052),269.45,365.34000000000003,50000,100.00%,20562,389.75%,1,80.0,$15.59,HOU 2,MEM 2,user25,1,marvalshot,17946,4649272440_25
Stephen Curry (37770033),Damion Baugh (37770458),Jaylen Brown (37770094),Karlo Matkovic (37770342),Kristaps Porzingis (37770106),Ja Morant (37770078),Royce O'Neale (37770275),Santi Aldama (37770228),272.46,359.09,49800,100.00%,28497,1270.02%,23,80.0,$50.8,BOS 2,MEM 2,user2,1,marvalshot,17952,4649272441_2
Stephen Curry (37770033),Jaylen Brown (37770094),Vince Williams Jr. (37770467),Royce O'Neale (37770275),Neemias Queta (37770755),Damion Baugh (37770458),LeBron James (37770008),Alperen Sengun (37770052),272.77,366.23,50000,100.00%,29155,1053.98%,10,80.0,$42.16,BOS 2,GSW 1,user3,1,marvalshot,17982,4649272442_3
Luka Doncic (37770002),Cole Anthony (37770201),Naji Marshall (37770265),Chris Boucher (37770396),Alperen Sengun (37770052),Max Strus (37770286),Karlo Matkovic (37770342),Jimmy Butler (37770090),265.42,359.37,49700,100.00%,3894,284.81%,0,80.0,$11.39,LAL 1,ORL 1,user25,1,marvalshot,18033,4649272443_25
Damion Baugh (37770458),Vince Williams Jr. (37770467),LeBron James (37770008),Royce O'Neale (37770275),Neemias Queta (37770755),Stephen Curry (37770033),Jaren Jackson Jr. (37770099),Alperen Sengun (37770052),272.86,370.07000000000005,50000,100.00%,29206,780.78%,8,80.0,$31.23,MEM 2,CHA 1,user11,24,marvalshot,18043,4649272444_11
Payton Pritchard (37770208),Desmond Bane (37770125),Sam Hauser (37770402),Tari Eason (37770190),Alperen Sengun (37770052),Stephen Curry (37770033),Kelly Olynyk (37770294),Bradley Beal (37770150),274.19,362.83,50000,100.00%,29654,1345.97%,55,80.0,$53.84,BOS 2,HOU 2,user11,24,marvalshot,18049,4649272445_11
Ty Jerome (37770281),Vince Williams Jr. (37770467),Franz Wagner (37770036),Chris Boucher (37770396),Alperen Sengun (37770052),Jalen Green (37770115),Karlo Matkovic (37770342),Kevin Durant (37770029),270.11,362.40000000000003,49900,100.00%,22984,457.31%,1,80.0,$18.29,HOU 2,CLE 1,user,1,marvalshot,13230,4649272436
Donovan Mitchell (37770066),Payton Pritchard (37770208),Sam Hauser (37770402),Chris Boucher (37770396),Kelly Olynyk (37770294),Jalen Green (37770115),Evan Mobley (37770059),Alperen Sengun (37770052),273.39,367.18999999999994,50000,100.00%,29332,1853.93%,46,80.0,$74.16,CLE 2,BOS 2,user,1,marvalshot,7097,4649272437
Stephen Curry (37770033),Payton Pritchard (37770208),Vince Williams Jr. (37770467),Karlo Matkovic (37770342),Jaren Jackson Jr. (37770099),Ja Morant (37770078),Olivier-Maxence Prosper (37770416),Alperen Sengun (37770052),276.46999999999997,372.61,49900,100.00%,29990,8217.78%,295,80.0,$328.71,MEM 3,GSW 1,user19,1,marvalshot,17911,4649272438_19
Stephen Curry (37770033),RJ Barrett (37770118),Zion Williamson (37770048),Sam Hauser (37770402),Neemias Queta (37770755),Damion Baugh (37770458),Bradley Beal (37770150),Alperen Sengun (37770052),270.94,365.96,49900,100.00%,25454,449.95%,2,80.0,$18.0,BOS 2,GSW 1,user12,30,marvalshot,2308,4649272439_12
Ja Morant (37770078),Damion Baugh (37770458),Bradley Beal (37770150),Karlo Matkovic (37770342),Jarrett Allen (37770161),Vince Williams Jr. (37770467),Jimmy Butler (37770090),LeBron James (37770008),269.54999999999995,359.15999999999997,49900,100.00%,20695,383.15%,0,80.0,$15.33,MEM 2,CHA 1,user28,1,marvalshot,17949,4649272440_28
Damion Baugh (37770458),Bradley Beal (37770150),Jaylen Brown (37770094),Karlo Matkovic (37770342),Kristaps Porzingis (37770106),Ja Morant (37770078),Sandro Mamukelashvili (37770382),Zion Williamson (37770048),272.38,364.15999999999997,50000,100.00%,28568,1253.45%,19,80.0,$50.14,BOS 2,NOP 2,user20,1,marvalshot,17970,4649272441_20
Austin Reaves (37770083),Jaylen Brown (37770094),Moses Moody (37770253),Olivier-Maxence Prosper (37770416),Neemias Queta (37770755),Bradley Beal (37770150),Jaren Jackson Jr. (37770099),Alperen Sengun (37770052),271.93,359.32,50000,100.00%,27497,1029.08%,21,80.0,$41.16,BOS 2,LAL 1,user9,1,marvalshot,17988,4649272442_9
Austin Reaves (37770083),Devin Booker (37770025),Royce O'Neale (37770275),Chris Boucher (37770396),Zach Edey (37770302),Desmond Bane (37770125),Kelly Olynyk (37770294),Ja Morant (37770078),264.98,354.59000000000003,50000,100.00%,3333,283.75%,0,80.0,$11.35,MEM 3,PHX 2,user10,1,marvalshot,18018,4649272443_10
Damion Baugh (37770458),Vince Williams Jr. (37770467),LeBron James (37770008),Royce O'Neale (37770275),Neemias Queta (37770755),Stephen Curry (37770033),Jaren Jackson Jr. (37770099),Alperen Sengun (37770052),272.86,370.07000000000005,50000,100.00%,29206,780.78%,8,80.0,$31.23,MEM 2,CHA 1,user12,24,marvalshot,18043,4649272444_12
Payton Pritchard (37770208),Desmond Bane (37770125),Sam Hauser (37770402),Tari Eason (37770190),Alperen Sengun (37770052),Stephen Curry (37770033),Kelly Olynyk (37770294),Bradley Beal (37770150),274.19,362.83,50000,100.00%,29654,1345.97%,55,80.0,$53.84,BOS 2,HOU 2,user12,24,marvalshot,18049,4649272445_12
Donovan Mitchell (37770066),Cole Anthony (37770201),Vince Williams Jr. (37770467),Chris Boucher (37770396),Alperen Sengun (37770052),Kentavious Caldwell-Pope (37770426),Jaren Jackson Jr. (37770099),Stephen Curry (37770033),270.23,366.47,49900,100.00%,23773,454.42%,1,80.0,$18.18,ORL 2,MEM 2,user23,1,marvalshot,17855,4649272436_23
Austin Reaves (37770083),Payton Pritchard (37770208),Sam Hauser (37770402),Chris Boucher (37770396),Sandro Mamukelashvili (37770382),De'Aaron Fox (37770044),Jaren Jackson Jr. (37770099),Alperen Sengun (37770052),273.29,366.62,50000,100.00%,29274,1726.57%,36,80.0,$69.06,BOS 2,SAS 2,user24,1,marvalshot,17887,4649272437_24
Devin Booker (37770025),Payton Pritchard (37770208),Vince Williams Jr. (37770467),Karlo Matkovic (37770342),Alperen Sengun (37770052),Jalen Green (37770115),Jaren Jackson Jr. (37770099),Kelly Olynyk (37770294),276.06,368.5,50000,100.00%,29987,7922.87%,411,80.0,$316.91,MEM 2,NOP 2,user7,1,marvalshot,17899,4649272438_7
Stephen Curry (37770033),RJ Barrett (37770118),Zion Williamson (37770048),Sam Hauser (37770402),Neemias Queta (37770755),Damion Baugh (37770458),Bradley Beal (37770150),Alperen Sengun (37770052),270.94,365.96,49900,100.00%,25454,449.95%,2,80.0,$18.0,BOS 2,GSW 1,user13,30,marvalshot,2308,4649272439_13
Brandin Podziemski (37770175),Max Strus (37770286),Jimmy Butler (37770090),Jaren Jackson Jr. (37770099),Karlo Matkovic (37770342),Bradley Beal (37770150),Moses Moody (37770253),Alperen Sengun (37770052),269.56,355.78999999999996,50000,100.00%,20698,382.11%,0,80.0,$15.28,GSW 3,CLE 1,user4,1,marvalshot,17925,4649272440_4
Luka Doncic (37770002),Vince Williams Jr. (37770467),Jaylen Brown (37770094),Kelly Olynyk (37770294),Kristaps Porzingis (37770106),Damion Baugh (37770458),Karlo Matkovic (37770342),Paolo Banchero (37770063),272.28999999999996,362.68999999999994,49900,100.00%,28427,1218.99%,27,80.0,$48.76,BOS 2,NOP 2,user24,1,marvalshot,17974,4649272441_24
Damion Baugh (37770458),Jaylen Brown (37770094),Zion Williamson (37770048),Kelly Olynyk (37770294),Neemias Queta (37770755),Brandin Podziemski (37770175),Paolo Banchero (37770063),Alperen Sengun (37770052),272.19,370.31,50000,100.00%,28280,1007.54%,17,80.0,$40.3,BOS 2,NOP 2,user29,1,marvalshot,18008,4649272442_29
Cole Anthony (37770201),Desmond Bane (37770125),Vince Williams Jr. (37770467),Chris Boucher (37770396),Karlo Matkovic (37770342),Stephen Curry (37770033),Rui Hachimura (37770179),Giannis Antetokounmpo (37769998),265.33000000000004,360.0,49800,100.00%,3572,283.66%,0,80.0,$11.35,MEM 2,ORL 1,user13,1,marvalshot,18021,4649272443_13
Damion Baugh (37770458),Vince Williams Jr. (37770467),LeBron James (37770008),Royce O'Neale (37770275),Neemias Queta (37770755),Stephen Curry (37770033),Jaren Jackson Jr. (37770099),Alperen Sengun (37770052),272.86,370.07000000000005,50000,100.00%,29206,780.78%,8,80.0,$31.23,MEM 2,CHA 1,user13,24,marvalshot,18043,4649272444_13
Payton Pritchard (37770208),Desmond Bane (37770125),Sam Hauser (37770402),Tari Eason (37770190),Alperen Sengun (37770052),Stephen Curry (37770033),Kelly Olynyk (37770294),Bradley Beal (37770150),274.19,362.83,50000,100.00%,29654,1345.97%,55,80.0,$53.84,BOS 2,HOU 2,user13,24,marvalshot,18049,4649272445_13
Brandin Podziemski (37770175),Vince Williams Jr. (37770467),Zion Williamson (37770048),Chris Boucher (37770396),Sandro Mamukelashvili (37770382),Luka Doncic (37770002),Moses Moody (37770253),Alperen Sengun (37770052),269.88,375.03999999999996,49900,100.00%,22389,451.85%,0,80.0,$18.07,GSW 2,MEM 1,user18,1,marvalshot,17848,4649272436_18
Stephen Curry (37770033),Payton Pritchard (37770208),Sam Hauser (37770402),Chris Boucher (37770396),Mason Plumlee (37770485),Austin Reaves (37770083),Jaren Jackson Jr. (37770099),Alperen Sengun (37770052),273.45,366.14,49600,100.00%,29365,1627.87%,28,80.0,$65.11,BOS 2,GSW 1,user3,1,marvalshot,17866,4649272437_3
Damion Baugh (37770458),Payton Pritchard (37770208),Bradley Beal (37770150),Karlo Matkovic (37770342),Jaren Jackson Jr. (37770099),Brandin Podziemski (37770175),Zion Williamson (37770048),Alperen Sengun (37770052),276.39,370.61,50000,100.00%,29993,7898.75%,311,80.0,$315.95,NOP 2,CHA 1,user4,1,marvalshot,17896,4649272438_4
Stephen Curry (37770033),RJ Barrett (37770118),Zion Williamson (37770048),Sam Hauser (37770402),Neemias Queta (37770755),Damion Baugh (37770458),Bradley Beal (37770150),Alperen Sengun (37770052),270.94,365.96,49900,100.00%,25454,449.95%,2,80.0,$18.0,BOS 2,GSW 1,user14,30,marvalshot,2308,4649272439_14
Brandin Podziemski (37770175),Damion Baugh (37770458),Zion Williamson (37770048),Santi Aldama (37770228),Karlo Matkovic (37770342),Stephen Curry (37770033),LeBron James (37770008),Olivier-Maxence Prosper (37770416),269.55,367.79,49900,100.00%,20886,382.0%,0,80.0,$15.28,GSW 2,NOP 2,user15,1,marvalshot,17936,4649272440_15
Brandin Podziemski (37770175),Desmond Bane (37770125),Jaylen Brown (37770094),Jaren Jackson Jr. (37770099),Kristaps Porzingis (37770106),Bradley Beal (37770150),Sandro Mamukelashvili (37770382),Vince Williams Jr. (37770467),272.21,359.62,49900,100.00%,28166,1213.31%,21,80.0,$48.53,MEM 3,BOS 2,user13,1,marvalshot,17963,4649272441_13
Cole Anthony (37770201),Jaylen Brown (37770094),LeBron James (37770008),Sandro Mamukelashvili (37770382),Neemias Queta (37770755),Desmond Bane (37770125),Karlo Matkovic (37770342),Alperen Sengun (37770052),272.15000000000003,367.52000000000004,49800,100.00%,28212,932.24%,7,80.0,$37.29,BOS 2,ORL 1,user21,1,marvalshot,18000,4649272442_21
Brandin Podziemski (37770175),Desmond Bane (37770125),Vince Williams Jr. (37770467),Chris Boucher (37770396),Giannis Antetokounmpo (37769998),Donovan Mitchell (37770066),Draymond Green (37770171),Karlo Matkovic (37770342),264.78,362.10999999999996,50000,100.00%,2389,281.83%,0,80.0,$11.27,GSW 2,MEM 2,user4,1,marvalshot,18012,4649272443_4
Damion Baugh (37770458),Vince Williams Jr. (37770467),LeBron James (37770008),Royce O'Neale (37770275),Neemias Queta (37770755),Stephen Curry (37770033),Jaren Jackson Jr. (37770099),Alperen Sengun (37770052),272.86,370.07000000000005,50000,100.00%,29206,780.78%,8,80.0,$31.23,MEM 2,CHA 1,user14,24,marvalshot,18043,4649272444_14
Payton Pritchard (37770208),Desmond Bane (37770125),Sam Hauser (37770402),Tari Eason (37770190),Alperen Sengun (37770052),Stephen Curry (37770033),Kelly Olynyk (37770294),Bradley Beal (37770150),274.19,362.83,50000,100.00%,29654,1345.97%,55,80.0,$53.84,BOS 2,HOU 2,user14,24,marvalshot,18049,4649272445_14
Damion Baugh (37770458),Cole Anthony (37770201),Naji Marshall (37770265),Chris Boucher (37770396),Jaren Jackson Jr. (37770099),Luka Doncic (37770002),Santi Aldama (37770228),Alperen Sengun (37770052),269.94,368.82,49500,100.00%,22651,431.58%,0,80.0,$17.26,MEM 2,CHA 1,user7,1,marvalshot,17835,4649272436_7
Brandin Podziemski (37770175),Payton Pritchard (37770208),Sam Hauser (37770402),Chris Boucher (37770396),Draymond Green (37770171),De'Aaron Fox (37770044),Jaren Jackson Jr. (37770099),Alperen Sengun (37770052),273.16,365.56000000000006,49900,100.00%,29205,1333.72%,12,80.0,$53.35,GSW 2,BOS 2,user27,1,marvalshot,17890,4649272437_27
Stephen Curry (37770033),Payton Pritchard (37770208),Bradley Beal (37770150),Kelly Olynyk (37770294),Jaren Jackson Jr. (37770099),Damion Baugh (37770458),Santi Aldama (37770228),Alperen Sengun (37770052),276.21999999999997,368.77,49800,100.00%,29985,7634.16%,295,80.0,$305.37,MEM 2,GSW 1,user22,1,marvalshot,17914,4649272438_22
Stephen Curry (37770033),RJ Barrett (37770118),Zion Williamson (37770048),Sam Hauser (37770402),Neemias Queta (37770755),Damion Baugh (37770458),Bradley Beal (37770150),Alperen Sengun (37770052),270.94,365.96,49900,100.00%,25454,449.95%,2,80.0,$18.0,BOS 2,GSW 1,user15,30,marvalshot,2308,4649272439_15
Damion Baugh (37770458),Vince Williams Jr. (37770467),LeBron James (37770008),Olivier-Maxence Prosper (37770416),Jarrett Allen (37770161),Cole Anthony (37770201),Zion Williamson (37770048),Alperen Sengun (37770052),269.46,371.67999999999995,49500,100.00%,20563,380.28%,0,80.0,$15.21,CHA 1,MEM 1,user24,1,marvalshot,17945,4649272440_24
Cole Anthony (37770201),Seth Curry (37770546),Jaylen Brown (37770094),Jaren Jackson Jr. (37770099),Kristaps Porzingis (37770106),Bradley Beal (37770150),Vince Williams Jr. (37770467),Alperen Sengun (37770052),272.37,361.16999999999996,50000,100.00%,28543,1179.95%,22,80.0,$47.2,BOS 2,MEM 2,user,1,marvalshot,3984,4649272441
Austin Reaves (37770083),Jaylen Brown (37770094),Vince Williams Jr. (37770467),Tari Eason (37770190),Neemias Queta (37770755),Damion Baugh (37770458),LeBron James (37770008),Alperen Sengun (37770052),272.21,364.98,50000,100.00%,28518,899.98%,6,80.0,$36.0,LAL 2,BOS 2,user14,1,marvalshot,17993,4649272442_14
Stephen Curry (37770033),Brandin Podziemski (37770175),Vince Williams Jr. (37770467),Chris Boucher (37770396),Jusuf Nurkic (37770242),Ja Morant (37770078),Olivier-Maxence Prosper (37770416),LeBron James (37770008),264.69,363.46,49200,100.00%,2346,279.9%,0,80.0,$11.2,GSW 2,MEM 2,user23,1,marvalshot,18031,4649272443_23
Damion Baugh (37770458),Vince Williams Jr. (37770467),LeBron James (37770008),Royce O'Neale (37770275),Neemias Queta (37770755),Stephen Curry (37770033),Jaren Jackson Jr. (37770099),Alperen Sengun (37770052),272.86,370.07000000000005,50000,100.00%,29206,780.78%,8,80.0,$31.23,MEM 2,CHA 1,user15,24,marvalshot,18043,4649272444_15
Payton Pritchard (37770208),Desmond Bane (37770125),Sam Hauser (37770402),Tari Eason (37770190),Alperen Sengun (37770052),Stephen Curry (37770033),Kelly Olynyk (37770294),Bradley Beal (37770150),274.19,362.83,50000,100.00%,29654,1345.97%,55,80.0,$53.84,BOS 2,HOU 2,user15,24,marvalshot,18049,4649272445_15
Ty Jerome (37770281),Jalen Green (37770115),Zion Williamson (37770048),Chris Boucher (37770396),Karlo Matkovic (37770342),Damion Baugh (37770458),LeBron James (37770008),Jaren Jackson Jr. (37770099),269.84000000000003,370.29,50000,100.00%,22106,424.7%,0,80.0,$16.99,NOP 2,CLE 1,user3,1,marvalshot,17827,4649272436_3
CJ McCollum (37770108),Payton Pritchard (37770208),Sam Hauser (37770402),Chris Boucher (37770396),Karlo Matkovic (37770342),Austin Reaves (37770083),Franz Wagner (37770036),Alperen Sengun (37770052),272.9,360.09,50000,100.00%,28903,1227.78%,13,80.0,$49.11,NOP 2,BOS 2,user17,1,marvalshot,17880,4649272437_17
Devin Booker (37770025),Payton Pritchard (37770208),Bradley Beal (37770150),Karlo Matkovic (37770342),Alperen Sengun (37770052),Desmond Bane (37770125),Kelly Olynyk (37770294),Santi Aldama (37770228),276.12,364.48,50000,100.00%,29984,7545.26%,321,80.0,$301.81,PHX 2,NOP 2,user17,1,marvalshot,17909,4649272438_17
Stephen Curry (37770033),RJ Barrett (37770118),Zion Williamson (37770048),Sam Hauser (37770402),Neemias Queta (37770755),Damion Baugh (37770458),Bradley Beal (37770150),Alperen Sengun (37770052),270.94,365.96,49900,100.00%,25454,449.95%,2,80.0,$18.0,BOS 2,GSW 1,user16,30,marvalshot,2308,4649272439_16
Damion Baugh (37770458),Vince Williams Jr. (37770467),Zion Williamson (37770048),Karlo Matkovic (37770342),Kelly Olynyk (37770294),Brandin Podziemski (37770175),Giannis Antetokounmpo (37769998),Alperen Sengun (37770052),269.78999999999996,374.96999999999997,49800,100.00%,22559,379.88%,0,80.0,$15.2,NOP 3,CHA 1,user12,1,marvalshot,17933,4649272440_12
Damion Baugh (37770458),Brandin Podziemski (37770175),Jaylen Brown (37770094),Karlo Matkovic (37770342),Kristaps Porzingis (37770106),CJ McCollum (37770108),LeBron James (37770008),Vince Williams Jr. (37770467),272.54,359.45000000000005,50000,100.00%,28910,1161.87%,12,80.0,$46.47,BOS 2,NOP 2,user22,1,marvalshot,17972,4649272441_22
Damion Baugh (37770458),Jaylen Brown (37770094),Zion Williamson (37770048),Sandro Mamukelashvili (37770382),Neemias Queta (37770755),Luka Doncic (37770002),Karlo Matkovic (37770342),Alperen Sengun (37770052),272.02,373.39,50000,100.00%,28243,884.01%,10,80.0,$35.36,BOS 2,NOP 2,user1,1,marvalshot,17980,4649272442_1
Jose Alvarado (37770193),Bradley Beal (37770150),LeBron James (37770008),Chris Boucher (37770396),Jaxson Hayes (37770315),Damion Baugh (37770458),Evan Mobley (37770059),Jaren Jackson Jr. (37770099),264.51,355.77,50000,100.00%,2291,279.06%,0,80.0,$11.16,LAL 2,NOP 1,user12,1,marvalshot,18020,4649272443_12
Damion Baugh (37770458),Vince Williams Jr. (37770467),LeBron James (37770008),Royce O'Neale (37770275),Neemias Queta (37770755),Stephen Curry (37770033),Jaren Jackson Jr. (37770099),Alperen Sengun (37770052),272.86,370.07000000000005,50000,100.00%,29206,780.78%,8,80.0,$31.23,MEM 2,CHA 1,user16,24,marvalshot,18043,4649272444_16
Payton Pritchard (37770208),Desmond Bane (37770125),Sam Hauser (37770402),Tari Eason (37770190),Alperen Sengun (37770052),Stephen Curry (37770033),Kelly Olynyk (37770294),Bradley Beal (37770150),274.19,362.83,50000,100.00%,29654,1345.97%,55,80.0,$53.84,BOS 2,HOU 2,user16,24,marvalshot,18049,4649272445_16
Cole Anthony (37770201),Seth Curry (37770546),Bradley Beal (37770150),Chris Boucher (37770396),Jarrett Allen (37770161),Ja Morant (37770078),Jaren Jackson Jr. (37770099),Alperen Sengun (37770052),269.85,363.83000000000004,49500,100.00%,22006,419.06%,0,80.0,$16.76,MEM 2,ORL 1,user24,1,marvalshot,17856,4649272436_24
Brandin Podziemski (37770175),Payton Pritchard (37770208),Sam Hauser (37770402),Chris Boucher (37770396),Kevin Durant (37770029),Cole Anthony (37770201),Paolo Banchero (37770063),Alperen Sengun (37770052),272.69,361.58000000000004,50000,100.00%,28736,1225.63%,18,80.0,$49.03,BOS 2,ORL 2,user16,1,marvalshot,17879,4649272437_16
Brandin Podziemski (37770175),Payton Pritchard (37770208),LeBron James (37770008),Karlo Matkovic (37770342),Kelly Olynyk (37770294),Bradley Beal (37770150),Santi Aldama (37770228),Alperen Sengun (37770052),276.45,368.33,49800,100.00%,29996,7494.65%,233,80.0,$299.79,NOP 2,GSW 1,user14,1,marvalshot,17906,4649272438_14
Stephen Curry (37770033),RJ Barrett (37770118),Zion Williamson (37770048),Sam Hauser (37770402),Neemias Queta (37770755),Damion Baugh (37770458),Bradley Beal (37770150),Alperen Sengun (37770052),270.94,365.96,49900,100.00%,25454,449.95%,2,80.0,$18.0,BOS 2,GSW 1,user17,30,marvalshot,2308,4649272439_17
Devin Booker (37770025),Desmond Bane (37770125),Vince Williams Jr. (37770467),LeBron James (37770008),Karlo Matkovic (37770342),Brandin Podziemski (37770175),Sandro Mamukelashvili (37770382),Jarrett Allen (37770161),269.15,361.65999999999997,50000,100.00%,18872,378.49%,0,80.0,$15.14,MEM 2,PHX 1,user27,1,marvalshot,17948,4649272440_27
Ja Morant (37770078),Vince Williams Jr. (37770467),Jaylen Brown (37770094),Karlo Matkovic (37770342),Kristaps Porzingis (37770106),Brandin Podziemski (37770175),Jimmy Butler (37770090),Santi Aldama (37770228),272.21,361.22,49900,100.00%,28401,1072.4%,12,80.0,$42.9,MEM 3,BOS 2,user11,1,marvalshot,17961,4649272441_11
Ty Jerome (37770281),Jaylen Brown (37770094),Jimmy Butler (37770090),Jaren Jackson Jr. (37770099),Neemias Queta (37770755),Bradley Beal (37770150),Karlo Matkovic (37770342),Alperen Sengun (37770052),272.09,362.91999999999996,50000,100.00%,28010,868.38%,8,80.0,$34.74,BOS 2,CLE 1,user17,1,marvalshot,17996,4649272442_17
Brandin Podziemski (37770175),Desmond Bane (37770125),Nick Smith Jr. (37770212),Chris Boucher (37770396),Kelly Olynyk (37770294),Austin Reaves (37770083),Royce O'Neale (37770275),Luka Doncic (37770002),263.21000000000004,350.75,50000,100.00%,1022,276.79%,0,80.0,$11.07,LAL 2,GSW 1,user27,1,marvalshot,18035,4649272443_27
Damion Baugh (37770458),Vince Williams Jr. (37770467),LeBron James (37770008),Royce O'Neale (37770275),Neemias Queta (37770755),Stephen Curry (37770033),Jaren Jackson Jr. (37770099),Alperen Sengun (37770052),272.86,370.07000000000005,50000,100.00%,29206,780.78%,8,80.0,$31.23,MEM 2,CHA 1,user17,24,marvalshot,18043,4649272444_17
Payton Pritchard (37770208),Desmond Bane (37770125),Sam Hauser (37770402),Tari Eason (37770190),Alperen Sengun (37770052),Stephen Curry (37770033),Kelly Olynyk (37770294),Bradley Beal (37770150),274.19,362.83,50000,100.00%,29654,1345.97%,55,80.0,$53.84,BOS 2,HOU 2,user17,24,marvalshot,18049,4649272445_17
Ja Morant (37770078),Bradley Beal (37770150),Vince Williams Jr. (37770467),Chris Boucher (37770396),Evan Mobley (37770059),Jalen Green (37770115),Santi Aldama (37770228),Desmond Bane (37770125),269.28000000000003,359.77000000000004,50000,100.00%,19465,401.25%,1,80.0,$16.05,MEM 4,PHX 1,user5,1,marvalshot,17832,4649272436_5
Ja Morant (37770078),Payton Pritchard (37770208),Sam Hauser (37770402),Chris Boucher (37770396),Jaren Jackson Jr. (37770099),Amen Thompson (37770054),Sandro Mamukelashvili (37770382),Alperen Sengun (37770052),272.96,367.06999999999994,49800,100.00%,29111,1222.34%,9,80.0,$48.89,MEM 2,BOS 2,user23,1,marvalshot,17886,4649272437_23
Brandin Podziemski (37770175),Payton Pritchard (37770208),LeBron James (37770008),Santi Aldama (37770228),Karlo Matkovic (37770342),Jalen Green (37770115),Olivier-Maxence Prosper (37770416),Alperen Sengun (37770052),275.95,368.38,50000,100.00%,29979,7308.74%,356,80.0,$292.35,HOU 2,GSW 1,user20,1,marvalshot,17912,4649272438_20
Stephen Curry (37770033),RJ Barrett (37770118),Zion Williamson (37770048),Sam Hauser (37770402),Neemias Queta (37770755),Damion Baugh (37770458),Bradley Beal (37770150),Alperen Sengun (37770052),270.94,365.96,49900,100.00%,25454,449.95%,2,80.0,$18.0,BOS 2,GSW 1,user18,30,marvalshot,2308,4649272439_18
Ty Jerome (37770281),Vince Williams Jr. (37770467),LeBron James (37770008),Santi Aldama (37770228),Wendell Carter Jr. (37770226),Cole Anthony (37770201),Jaren Jackson Jr. (37770099),Alperen Sengun (37770052),269.29,369.37,50000,100.00%,19511,375.26%,0,80.0,$15.01,MEM 3,ORL 2,user22,1,marvalshot,17943,4649272440_22
Cole Anthony (37770201),De'Aaron Fox (37770044),Jaylen Brown (37770094),Karlo Matkovic (37770342),Kristaps Porzingis (37770106),Vince Williams Jr. (37770467),Olivier-Maxence Prosper (37770416),Alperen Sengun (37770052),272.21,362.62,49300,100.00%,28393,1054.29%,20,80.0,$42.17,BOS 2,ORL 1,user6,1,marvalshot,17956,4649272441_6
Cole Anthony (37770201),Jaylen Brown (37770094),Zion Williamson (37770048),Sandro Mamukelashvili (37770382),Neemias Queta (37770755),Stephen Curry (37770033),Karlo Matkovic (37770342),Alperen Sengun (37770052),271.88,372.89,50000,100.00%,27893,848.29%,10,80.0,$33.93,BOS 2,NOP 2,user4,1,marvalshot,17983,4649272442_4
Cole Anthony (37770201),Bradley Beal (37770150),Zion Williamson (37770048),Chris Boucher (37770396),Brandon Clarke (37770406),Stephen Curry (37770033),Karlo Matkovic (37770342),Evan Mobley (37770059),263.75,360.6,49500,100.00%,1177,276.45%,0,80.0,$11.06,NOP 2,ORL 1,user5,1,marvalshot,18013,4649272443_5
Damion Baugh (37770458),Vince Williams Jr. (37770467),LeBron James (37770008),Royce O'Neale (37770275),Neemias Queta (37770755),Stephen Curry (37770033),Jaren Jackson Jr. (37770099),Alperen Sengun (37770052),272.86,370.07000000000005,50000,100.00%,29206,780.78%,8,80.0,$31.23,MEM 2,CHA 1,user18,24,marvalshot,18043,4649272444_18
Payton Pritchard (37770208),Desmond Bane (37770125),Sam Hauser (37770402),Tari Eason (37770190),Alperen Sengun (37770052),Stephen Curry (37770033),Kelly Olynyk (37770294),Bradley Beal (37770150),274.19,362.83,50000,100.00%,29654,1345.97%,55,80.0,$53.84,BOS 2,HOU 2,user18,24,marvalshot,18049,4649272445_18
Luka Doncic (37770002),Brandin Podziemski (37770175),De'Andre Hunter (37770269),Chris Boucher (37770396),Kelly Olynyk (37770294),Trey Murphy III (37770073),Vince Williams Jr. (37770467),Alperen Sengun (37770052),269.5,365.24,49800,100.00%,20690,398.44%,0,80.0,$15.94,NOP 2,LAL 1,user26,1,marvalshot,17859,4649272436_26
Brandin Podziemski (37770175),Payton Pritchard (37770208),Sam Hauser (37770402),Chris Boucher (37770396),Karlo Matkovic (37770342),Devin Booker (37770025),Zion Williamson (37770048),Alperen Sengun (37770052),273.39,368.52,49200,100.00%,29589,1213.89%,6,80.0,$48.56,BOS 2,NOP 2,user10,1,marvalshot,17873,4649272437_10
Brandin Podziemski (37770175),Payton Pritchard (37770208),Franz Wagner (37770036),Karlo Matkovic (37770342),Jarrett Allen (37770161),Damion Baugh (37770458),Jaren Jackson Jr. (37770099),Alperen Sengun (37770052),276.09999999999997,367.67999999999995,50000,100.00%,29972,7023.57%,257,80.0,$280.94,GSW 1,BOS 1,user9,1,marvalshot,17901,4649272438_9
Stephen Curry (37770033),RJ Barrett (37770118),Zion Williamson (37770048),Sam Hauser (37770402),Neemias Queta (37770755),Damion Baugh (37770458),Bradley Beal (37770150),Alperen Sengun (37770052),270.94,365.96,49900,100.00%,25454,449.95%,2,80.0,$18.0,BOS 2,GSW 1,user19,30,marvalshot,2308,4649272439_19
Devin Booker (37770025),Damion Baugh (37770458),Rui Hachimura (37770179),Miles Bridges (37770070),Karlo Matkovic (37770342),Desmond Bane (37770125),Vince Williams Jr. (37770467),Alperen Sengun (37770052),269.41999999999996,356.38,50000,100.00%,20449,375.22%,0,80.0,$15.01,CHA 2,MEM 2,user6,1,marvalshot,17927,4649272440_6
Brandin Podziemski (37770175),Devin Booker (37770025),Jaylen Brown (37770094),Olivier-Maxence Prosper (37770416),Kristaps Porzingis (37770106),Donovan Mitchell (37770066),Karlo Matkovic (37770342),Damion Baugh (37770458),271.72,356.49,49900,100.00%,27365,991.27%,19,80.0,$39.65,BOS 2,GSW 1,user1,1,marvalshot,17951,4649272441_1
Stephen Curry (37770033),Jaylen Brown (37770094),Vince Williams Jr. (37770467),Rui Hachimura (37770179),Neemias Queta (37770755),Moses Moody (37770253),Jaren Jackson Jr. (37770099),Alperen Sengun (37770052),271.68,362.52,50000,100.00%,27433,782.63%,9,80.0,$31.31,GSW 2,BOS 2,user20,1,marvalshot,17999,4649272442_20
Damion Baugh (37770458),Bradley Beal (37770150),Moses Moody (37770253),Chris Boucher (37770396),Brook Lopez (37770186),Ja Morant (37770078),Evan Mobley (37770059),Stephen Curry (37770033),263.51,349.71,49900,100.00%,1045,276.03%,0,80.0,$11.04,GSW 2,CHA 1,user20,1,marvalshot,18028,4649272443_20
Damion Baugh (37770458),Vince Williams Jr. (37770467),LeBron James (37770008),Royce O'Neale (37770275),Neemias Queta (37770755),Stephen Curry (37770033),Jaren Jackson Jr. (37770099),Alperen Sengun (37770052),272.86,370.07000000000005,50000,100.00%,29206,780.78%,8,80.0,$31.23,MEM 2,CHA 1,user19,24,marvalshot,18043,4649272444_19
Payton Pritchard (37770208),Desmond Bane (37770125),Sam Hauser (37770402),Tari Eason (37770190),Alperen Sengun (37770052),Stephen Curry (37770033),Kelly Olynyk (37770294),Bradley Beal (37770150),274.19,362.83,50000,100.00%,29654,1345.97%,55,80.0,$53.84,BOS 2,HOU 2,user19,24,marvalshot,18049,4649272445_19
Devin Booker (37770025),Brandin Podziemski (37770175),LeBron James (37770008),Chris Boucher (37770396),Jusuf Nurkic (37770242),Ja Morant (37770078),Karlo Matkovic (37770342),Olivier-Maxence Prosper (37770416),269.28000000000003,364.87000000000006,50000,100.00%,19366,397.96%,0,80.0,$15.92,PHX 1,GSW 1,user9,1,marvalshot,17838,4649272436_9
Donovan Mitchell (37770066),Payton Pritchard (37770208),Sam Hauser (37770402),Chris Boucher (37770396),Alperen Sengun (37770052),Ja Morant (37770078),Paolo Banchero (37770063),Vince Williams Jr. (37770467),272.8,367.25,49800,100.00%,29070,1075.7%,2,80.0,$43.03,BOS 2,MEM 2,user28,1,marvalshot,17891,4649272437_28
Stephen Curry (37770033),Payton Pritchard (37770208),Vince Williams Jr. (37770467),Kelly Olynyk (37770294),Alperen Sengun (37770052),Desmond Bane (37770125),Karlo Matkovic (37770342),Ja Morant (37770078),276.3,371.70000000000005,50000,100.00%,29994,7003.4%,229,80.0,$280.14,MEM 3,NOP 2,user26,1,marvalshot,17918,4649272438_26
Stephen Curry (37770033),RJ Barrett (37770118),Zion Williamson (37770048),Sam Hauser (37770402),Neemias Queta (37770755),Damion Baugh (37770458),Bradley Beal (37770150),Alperen Sengun (37770052),270.94,365.96,49900,100.00%,25454,449.95%,2,80.0,$18.0,BOS 2,GSW 1,user20,30,marvalshot,2308,4649272439_20
Cole Anthony (37770201),Desmond Bane (37770125),Vince Williams Jr. (37770467),Sandro Mamukelashvili (37770382),Alperen Sengun (37770052),Luka Doncic (37770002),Bradley Beal (37770150),Kelly Olynyk (37770294),269.18,365.2,49900,100.00%,19202,369.55%,0,80.0,$14.78,MEM 2,ORL 1,user18,1,marvalshot,17939,4649272440_18
Ja Morant (37770078),Moses Moody (37770253),Jaylen Brown (37770094),Karlo Matkovic (37770342),Kristaps Porzingis (37770106),Austin Reaves (37770083),Santi Aldama (37770228),Kelly Olynyk (37770294),271.68999999999994,358.87999999999994,50000,100.00%,26916,990.33%,14,80.0,$39.61,MEM 2,BOS 2,user9,1,marvalshot,17959,4649272441_9
Damion Baugh (37770458),Jaylen Brown (37770094),Bradley Beal (37770150),Karlo Matkovic (37770342),Neemias Queta (37770755),Jalen Green (37770115),LeBron James (37770008),Jaren Jackson Jr. (37770099),271.84000000000003,358.23,49900,100.00%,27749,748.28%,0,80.0,$29.93,BOS 2,CHA 1,user6,1,marvalshot,17985,4649272442_6
Cole Anthony (37770201),Jalen Green (37770115),Bradley Beal (37770150),Chris Boucher (37770396),Jonathan Isaac (37770495),Desmond Bane (37770125),Jaren Jackson Jr. (37770099),De'Aaron Fox (37770044),262.76,350.73,50000,100.00%,600,275.49%,0,80.0,$11.02,ORL 2,MEM 2,user22,1,marvalshot,18030,4649272443_22
Damion Baugh (37770458),Vince Williams Jr. (37770467),LeBron James (37770008),Royce O'Neale (37770275),Neemias Queta (37770755),Stephen Curry (37770033),Jaren Jackson Jr. (37770099),Alperen Sengun (37770052),272.86,370.07000000000005,50000,100.00%,29206,780.78%,8,80.0,$31.23,MEM 2,CHA 1,user20,24,marvalshot,18043,4649272444_20
Payton Pritchard (37770208),Desmond Bane (37770125),Sam Hauser (37770402),Tari Eason (37770190),Alperen Sengun (37770052),Stephen Curry (37770033),Kelly Olynyk (37770294),Bradley Beal (37770150),274.19,362.83,50000,100.00%,29654,1345.97%,55,80.0,$53.84,BOS 2,HOU 2,user20,24,marvalshot,18049,4649272445_20
CJ McCollum (37770108),Vince Williams Jr. (37770467),Zion Williamson (37770048),Chris Boucher (37770396),Alperen Sengun (37770052),Damion Baugh (37770458),Draymond Green (37770171),Ja Morant (37770078),269.5,370.0,49800,100.00%,20820,391.47%,0,80.0,$15.66,NOP 2,MEM 2,user17,1,marvalshot,17847,4649272436_17
Stephen Curry (37770033),Payton Pritchard (37770208),Sam Hauser (37770402),Chris Boucher (37770396),Jaren Jackson Jr. (37770099),Austin Reaves (37770083),Santi Aldama (37770228),Jalen Green (37770115),272.16999999999996,361.04999999999995,50000,100.00%,27719,1017.84%,11,80.0,$40.71,BOS 2,MEM 2,user5,1,marvalshot,17868,4649272437_5
Brandin Podziemski (37770175),Payton Pritchard (37770208),Zion Williamson (37770048),Karlo Matkovic (37770342),Alperen Sengun (37770052),Damion Baugh (37770458),Jaren Jackson Jr. (37770099),Jarrett Allen (37770161),276.09999999999997,374.29999999999995,49800,100.00%,29985,6666.74%,200,80.0,$266.67,NOP 2,GSW 1,user10,1,marvalshot,17902,4649272438_10
Stephen Curry (37770033),RJ Barrett (37770118),Zion Williamson (37770048),Sam Hauser (37770402),Neemias Queta (37770755),Damion Baugh (37770458),Bradley Beal (37770150),Alperen Sengun (37770052),270.94,365.96,49900,100.00%,25454,449.95%,2,80.0,$18.0,BOS 2,GSW 1,user21,30,marvalshot,2308,4649272439_21
Donovan Mitchell (37770066),Desmond Bane (37770125),Rui Hachimura (37770179),Olivier-Maxence Prosper (37770416),Alperen Sengun (37770052),Damion Baugh (37770458),Kelly Olynyk (37770294),Zion Williamson (37770048),269.01,365.39,50000,100.00%,18337,367.61%,0,80.0,$14.7,NOP 2,CLE 1,user23,1,marvalshot,17944,4649272440_23
Damion Baugh (37770458),Max Strus (37770286),Jaylen Brown (37770094),Karlo Matkovic (37770342),Kristaps Porzingis (37770106),Stephen Curry (37770033),Vince Williams Jr. (37770467),LeBron James (37770008),272.14,360.0,50000,100.00%,28375,947.83%,9,80.0,$37.91,BOS 2,CHA 1,user4,1,marvalshot,17954,4649272441_4
Ja Morant (37770078),Jaylen Brown (37770094),Keldon Johnson (37770235),Karlo Matkovic (37770342),Neemias Queta (37770755),Desmond Bane (37770125),Bradley Beal (37770150),Alperen Sengun (37770052),271.98,361.16,50000,100.00%,27836,747.39%,1,80.0,$29.9,MEM 2,BOS 2,user11,1,marvalshot,17990,4649272442_11
Luka Doncic (37770002),Donovan Mitchell (37770066),Keldon Johnson (37770235),Chris Boucher (37770396),Karlo Matkovic (37770342),Cole Anthony (37770201),Buddy Hield (37770334),Alperen Sengun (37770052),262.79999999999995,360.24999999999994,49900,100.00%,521,275.18%,0,80.0,$11.01,LAL 1,CLE 1,user16,1,marvalshot,18024,4649272443_16
Damion Baugh (37770458),Vince Williams Jr. (37770467),LeBron James (37770008),Royce O'Neale (37770275),Neemias Queta (37770755),Stephen Curry (37770033),Jaren Jackson Jr. (37770099),Alperen Sengun (37770052),272.86,370.07000000000005,50000,100.00%,29206,780.78%,8,80.0,$31.23,MEM 2,CHA 1,user21,24,marvalshot,18043,4649272444_21
Payton Pritchard (37770208),Desmond Bane (37770125),Sam Hauser (37770402),Tari Eason (37770190),Alperen Sengun (37770052),Stephen Curry (37770033),Kelly Olynyk (37770294),Bradley Beal (37770150),274.19,362.83,50000,100.00%,29654,1345.97%,55,80.0,$53.84,BOS 2,HOU 2,user21,24,marvalshot,18049,4649272445_21
Cole Anthony (37770201),Devin Booker (37770025),Rui Hachimura (37770179),Chris Boucher (37770396),Karlo Matkovic (37770342),Ja Morant (37770078),LeBron James (37770008),Vince Williams Jr. (37770467),269.19,360.02,50000,100.00%,19189,385.54%,0,80.0,$15.42,LAL 2,MEM 2,user11,1,marvalshot,17840,4649272436_11
Donovan Mitchell (37770066),Payton Pritchard (37770208),Sam Hauser (37770402),Chris Boucher (37770396),Alperen Sengun (37770052),Cole Anthony (37770201),Bradley Beal (37770150),Zion Williamson (37770048),272.39,368.34999999999997,50000,100.00%,28612,968.68%,12,80.0,$38.75,BOS 2,CLE 1,user11,1,marvalshot,17874,4649272437_11
Brandin Podziemski (37770175),Payton Pritchard (37770208),Bradley Beal (37770150),Kelly Olynyk (37770294),Alperen Sengun (37770052),Jalen Green (37770115),Karlo Matkovic (37770342),Jaren Jackson Jr. (37770099),276.15,364.74,49700,100.00%,29987,6657.05%,216,80.0,$266.28,NOP 2,HOU 2,user6,1,marvalshot,17898,4649272438_6
Stephen Curry (37770033),RJ Barrett (37770118),Zion Williamson (37770048),Sam Hauser (37770402),Neemias Queta (37770755),Damion Baugh (37770458),Bradley Beal (37770150),Alperen Sengun (37770052),270.94,365.96,49900,100.00%,25454,449.95%,2,80.0,$18.0,BOS 2,GSW 1,user22,30,marvalshot,2308,4649272439_22
Devin Booker (37770025),Damion Baugh (37770458),Max Strus (37770286),Karlo Matkovic (37770342),Alperen Sengun (37770052),Jalen Green (37770115),Kelly Olynyk (37770294),Donovan Mitchell (37770066),269.19,357.49,49900,100.00%,19329,365.51%,0,80.0,$14.62,CLE 2,NOP 2,user16,1,marvalshot,17937,4649272440_16
Cole Anthony (37770201),Brandin Podziemski (37770175),Jaylen Brown (37770094),Brandon Clarke (37770406),Kristaps Porzingis (37770106),Bradley Beal (37770150),Royce O'Neale (37770275),Alperen Sengun (37770052),271.55,357.18,50000,100.00%,26763,942.3%,25,80.0,$37.69,BOS 2,PHX 2,user17,1,marvalshot,17967,4649272441_17
Stephen Curry (37770033),Jaylen Brown (37770094),Moses Moody (37770253),Karlo Matkovic (37770342),Neemias Queta (37770755),Donovan Mitchell (37770066),Kelly Olynyk (37770294),Alperen Sengun (37770052),271.78,365.46999999999997,49800,100.00%,27633,728.17%,3,80.0,$29.13,GSW 2,BOS 2,user27,1,marvalshot,18006,4649272442_27
Damion Baugh (37770458),Trey Murphy III (37770073),Vince Williams Jr. (37770467),Chris Boucher (37770396),Jaren Jackson Jr. (37770099),Gary Payton II (37770553),Giannis Antetokounmpo (37769998),Alperen Sengun (37770052),263.08,361.05999999999995,49800,100.00%,481,274.9%,0,80.0,$11.0,MEM 2,CHA 1,user9,1,marvalshot,18017,4649272443_9
Damion Baugh (37770458),Vince Williams Jr. (37770467),LeBron James (37770008),Royce O'Neale (37770275),Neemias Queta (37770755),Stephen Curry (37770033),Jaren Jackson Jr. (37770099),Alperen Sengun (37770052),272.86,370.07000000000005,50000,100.00%,29206,780.78%,8,80.0,$31.23,MEM 2,CHA 1,user22,24,marvalshot,18043,4649272444_22
Payton Pritchard (37770208),Desmond Bane (37770125),Sam Hauser (37770402),Tari Eason (37770190),Alperen Sengun (37770052),Stephen Curry (37770033),Kelly Olynyk (37770294),Bradley Beal (37770150),274.19,362.83,50000,100.00%,29654,1345.97%,55,80.0,$53.84,BOS 2,HOU 2,user22,24,marvalshot,18049,4649272445_22
Austin Reaves (37770083),Vince Williams Jr. (37770467),Royce O'Neale (37770275),Chris Boucher (37770396),Jarrett Allen (37770161),Ja Morant (37770078),Bradley Beal (37770150),Stephen Curry (37770033),269.11,357.27,49900,100.00%,18532,380.75%,0,80.0,$15.23,MEM 2,PHX 2,user15,1,marvalshot,17845,4649272436_15
Luka Doncic (37770002),Payton Pritchard (37770208),Sam Hauser (37770402),Chris Boucher (37770396),Jaren Jackson Jr. (37770099),Jalen Green (37770115),Santi Aldama (37770228),Jarrett Allen (37770161),271.89000000000004,364.97,49900,100.00%,27138,937.04%,8,80.0,$37.48,BOS 2,MEM 2,user14,1,marvalshot,17877,4649272437_14
Damion Baugh (37770458),Payton Pritchard (37770208),LeBron James (37770008),Karlo Matkovic (37770342),Kelly Olynyk (37770294),Brandin Podziemski (37770175),Jaren Jackson Jr. (37770099),Alperen Sengun (37770052),276.39,371.36,49600,100.00%,29996,6575.53%,151,80.0,$263.02,NOP 2,CHA 1,user12,1,marvalshot,17904,4649272438_12
Stephen Curry (37770033),RJ Barrett (37770118),Zion Williamson (37770048),Sam Hauser (37770402),Neemias Queta (37770755),Damion Baugh (37770458),Bradley Beal (37770150),Alperen Sengun (37770052),270.94,365.96,49900,100.00%,25454,449.95%,2,80.0,$18.0,BOS 2,GSW 1,user23,30,marvalshot,2308,4649272439_23
Ja Morant (37770078),Brandin Podziemski (37770175),Zion Williamson (37770048),Santi Aldama (37770228),Kelly Olynyk (37770294),Damion Baugh (37770458),LeBron James (37770008),Karlo Matkovic (37770342),269.28,369.04999999999995,49900,100.00%,19530,364.78%,0,80.0,$14.59,NOP 3,MEM 2,user7,1,marvalshot,17928,4649272440_7
Brandin Podziemski (37770175),Bradley Beal (37770150),Jaylen Brown (37770094),Brandon Clarke (37770406),Kristaps Porzingis (37770106),Desmond Bane (37770125),Karlo Matkovic (37770342),Jalen Green (37770115),271.58,353.28,50000,100.00%,26688,917.04%,13,80.0,$36.68,BOS 2,MEM 2,user5,1,marvalshot,17955,4649272441_5
Brandin Podziemski (37770175),Jaylen Brown (37770094),Jimmy Butler (37770090),Jaren Jackson Jr. (37770099),Neemias Queta (37770755),Damion Baugh (37770458),Tari Eason (37770190),Alperen Sengun (37770052),271.66999999999996,363.94999999999993,49800,100.00%,27405,709.68%,1,80.0,$28.39,GSW 2,BOS 2,user13,1,marvalshot,17992,4649272442_13
Donovan Mitchell (37770066),Damion Baugh (37770458),Max Strus (37770286),Chris Boucher (37770396),Draymond Green (37770171),Stephen Curry (37770033),Evan Mobley (37770059),Jarrett Allen (37770161),262.67,354.08000000000004,49800,100.00%,483,274.79%,0,80.0,$10.99,CLE 4,GSW 2,user2,1,marvalshot,18010,4649272443_2
Damion Baugh (37770458),Vince Williams Jr. (37770467),LeBron James (37770008),Royce O'Neale (37770275),Neemias Queta (37770755),Stephen Curry (37770033),Jaren Jackson Jr. (37770099),Alperen Sengun (37770052),272.86,370.07000000000005,50000,100.00%,29206,780.78%,8,80.0,$31.23,MEM 2,CHA 1,user23,24,marvalshot,18043,4649272444_23
Payton Pritchard (37770208),Desmond Bane (37770125),Sam Hauser (37770402),Tari Eason (37770190),Alperen Sengun (37770052),Stephen Curry (37770033),Kelly Olynyk (37770294),Bradley Beal (37770150),274.19,362.83,50000,100.00%,29654,1345.97%,55,80.0,$53.84,BOS 2,HOU 2,user23,24,marvalshot,18049,4649272445_23
Ty Jerome (37770281),Desmond Bane (37770125),Vince Williams Jr. (37770467),Chris Boucher (37770396),Alperen Sengun (37770052),Amen Thompson (37770054),Draymond Green (37770171),Jaren Jackson Jr. (37770099),269.09000000000003,364.67,50000,100.00%,18730,373.81%,0,80.0,$14.95,MEM 3,HOU 2,user28,1,marvalshot,17861,4649272436_28
CJ McCollum (37770108),Payton Pritchard (37770208),Sam Hauser (37770402),Chris Boucher (37770396),Alperen Sengun (37770052),Donovan Mitchell (37770066),Kelly Olynyk (37770294),Ja Morant (37770078),272.18,366.05,49900,100.00%,28174,812.42%,2,80.0,$32.5,NOP 2,BOS 2,user20,1,marvalshot,17883,4649272437_20
Ja Morant (37770078),Payton Pritchard (37770208),Bradley Beal (37770150),Karlo Matkovic (37770342),Alperen Sengun (37770052),Stephen Curry (37770033),Santi Aldama (37770228),Vince Williams Jr. (37770467),276.25,368.02,49900,100.00%,29991,6509.16%,167,80.0,$260.37,MEM 3,BOS 1,user27,1,marvalshot,17919,4649272438_27
Stephen Curry (37770033),RJ Barrett (37770118),Zion Williamson (37770048),Sam Hauser (37770402),Neemias Queta (37770755),Damion Baugh (37770458),Bradley Beal (37770150),Alperen Sengun (37770052),270.94,365.96,49900,100.00%,25454,449.95%,2,80.0,$18.0,BOS 2,GSW 1,user24,30,marvalshot,2308,4649272439_24
Devin Booker (37770025),Damion Baugh (37770458),Bradley Beal (37770150),Naji Marshall (37770265),Karlo Matkovic (37770342),Stephen Curry (37770033),De'Andre Hunter (37770269),Alperen Sengun (37770052),269.39,355.57,50000,100.00%,20160,362.46%,0,80.0,$14.5,PHX 2,CHA 1,user1,1,marvalshot,17922,4649272440_1
Ja Morant (37770078),Damion Baugh (37770458),Jaylen Brown (37770094),Sandro Mamukelashvili (37770382),Kristaps Porzingis (37770106),Desmond Bane (37770125),Jimmy Butler (37770090),Karlo Matkovic (37770342),271.53000000000003,359.71000000000004,50000,100.00%,26925,895.6%,15,80.0,$35.82,MEM 2,BOS 2,user12,1,marvalshot,17962,4649272441_12
Donovan Mitchell (37770066),Jaylen Brown (37770094),Naji Marshall (37770265),Jaren Jackson Jr. (37770099),Neemias Queta (37770755),Brandin Podziemski (37770175),Karlo Matkovic (37770342),Alperen Sengun (37770052),271.7,364.78,50000,100.00%,27310,692.53%,0,80.0,$27.7,BOS 2,CLE 1,user18,1,marvalshot,17997,4649272442_18
Luka Doncic (37770002),Desmond Bane (37770125),Zion Williamson (37770048),Chris Boucher (37770396),Brandon Clarke (37770406),Ja Morant (37770078),Sandro Mamukelashvili (37770382),Damion Baugh (37770458),262.57000000000005,365.64000000000004,49700,100.00%,416,274.55%,0,80.0,$10.98,MEM 3,LAL 1,user8,1,marvalshot,18016,4649272443_8
Damion Baugh (37770458),Vince Williams Jr. (37770467),LeBron James (37770008),Royce O'Neale (37770275),Neemias Queta (37770755),Stephen Curry (37770033),Jaren Jackson Jr. (37770099),Alperen Sengun (37770052),272.86,370.07000000000005,50000,100.00%,29206,780.78%,8,80.0,$31.23,MEM 2,CHA 1,user24,24,marvalshot,18043,4649272444_24
Payton Pritchard (37770208),Desmond Bane (37770125),Sam Hauser (37770402),Tari Eason (37770190),Alperen Sengun (37770052),Stephen Curry (37770033),Kelly Olynyk (37770294),Bradley Beal (37770150),274.19,362.83,50000,100.00%,29654,1345.97%,55,80.0,$53.84,BOS 2,HOU 2,user24,24,marvalshot,18049,4649272445_24
Brandin Podziemski (37770175),Damion Baugh (37770458),Kyle Kuzma (37770128),Chris Boucher (37770396),Kelly Olynyk (37770294),Stephen Curry (37770033),LeBron James (37770008),Jarrett Allen (37770161),269.13,362.26,50000,100.00%,18909,372.22%,1,80.0,$14.89,GSW 2,CHA 1,user29,1,marvalshot,17862,4649272436_29
Stephen Curry (37770033),Payton Pritchard (37770208),Sam Hauser (37770402),Chris Boucher (37770396),Alperen Sengun (37770052),Kentavious Caldwell-Pope (37770426),LeBron James (37770008),Tari Eason (37770190),272.11,363.86,49800,100.00%,27942,719.99%,3,80.0,$28.8,BOS 2,HOU 2,user22,1,marvalshot,17885,4649272437_22
Ja Morant (37770078),Payton Pritchard (37770208),Bradley Beal (37770150),Olivier-Maxence Prosper (37770416),Karlo Matkovic (37770342),Brandin Podziemski (37770175),Jaren Jackson Jr. (37770099),Alperen Sengun (37770052),276.11999999999995,366.12999999999994,49800,100.00%,29988,6485.99%,205,80.0,$259.44,MEM 2,BOS 1,user2,1,marvalshot,17894,4649272438_2
Stephen Curry (37770033),RJ Barrett (37770118),Zion Williamson (37770048),Sam Hauser (37770402),Neemias Queta (37770755),Damion Baugh (37770458),Bradley Beal (37770150),Alperen Sengun (37770052),270.94,365.96,49900,100.00%,25454,449.95%,2,80.0,$18.0,BOS 2,GSW 1,user25,30,marvalshot,2308,4649272439_25
De'Aaron Fox (37770044),Damion Baugh (37770458),Bradley Beal (37770150),Zion Williamson (37770048),Alperen Sengun (37770052),Vince Williams Jr. (37770467),Santi Aldama (37770228),Tari Eason (37770190),269.27000000000004,365.91,50000,100.00%,19554,361.45%,0,80.0,$14.46,HOU 2,MEM 2,user13,1,marvalshot,17934,4649272440_13
De'Aaron Fox (37770044),Vince Williams Jr. (37770467),Jaylen Brown (37770094),Karlo Matkovic (37770342),Kristaps Porzingis (37770106),Damion Baugh (37770458),Kelly Olynyk (37770294),LeBron James (37770008),272.03999999999996,362.29999999999995,49800,100.00%,28221,868.3%,8,80.0,$34.73,BOS 2,NOP 2,user8,1,marvalshot,17958,4649272441_8
Damion Baugh (37770458),Jaylen Brown (37770094),Vince Williams Jr. (37770467),Paolo Banchero (37770063),Neemias Queta (37770755),Desmond Bane (37770125),Jaren Jackson Jr. (37770099),Alperen Sengun (37770052),271.81,364.4,49500,100.00%,27945,691.28%,4,80.0,$27.65,MEM 3,BOS 2,user19,1,marvalshot,17998,4649272442_19
Brandin Podziemski (37770175),Donovan Mitchell (37770066),Vince Williams Jr. (37770467),Chris Boucher (37770396),Nick Richards (37770258),Ja Morant (37770078),Karlo Matkovic (37770342),Giannis Antetokounmpo (37769998),262.4,362.69999999999993,49900,100.00%,322,274.43%,0,80.0,$10.98,MEM 2,GSW 1,user18,1,marvalshot,18026,4649272443_18
Damion Baugh (37770458),Vince Williams Jr. (37770467),LeBron James (37770008),Royce O'Neale (37770275),Neemias Queta (37770755),Stephen Curry (37770033),Jaren Jackson Jr. (37770099),Alperen Sengun (37770052),272.86,370.07000000000005,50000,100.00%,29206,780.78%,8,80.0,$31.23,MEM 2,CHA 1,user25,24,marvalshot,18043,4649272444_25
Payton Pritchard (37770208),Desmond Bane (37770125),Sam Hauser (37770402),Tari Eason (37770190),Alperen Sengun (37770052),Stephen Curry (37770033),Kelly Olynyk (37770294),Bradley Beal (37770150),274.19,362.83,50000,100.00%,29654,1345.97%,55,80.0,$53.84,BOS 2,HOU 2,user25,24,marvalshot,18049,4649272445_25
Damion Baugh (37770458),Cole Anthony (37770201),Moses Moody (37770253),Chris Boucher (37770396),Giannis Antetokounmpo (37769998),Ja Morant (37770078),Kelly Olynyk (37770294),Alperen Sengun (37770052),269.07,370.83,49900,100.00%,18816,370.12%,0,80.0,$14.8,CHA 1,ORL 1,user19,1,marvalshot,17849,4649272436_19
Austin Reaves (37770083),Payton Pritchard (37770208),Sam Hauser (37770402),Chris Boucher (37770396),Alperen Sengun (37770052),Devin Booker (37770025),Bradley Beal (37770150),Keldon Johnson (37770235),271.78000000000003,357.3,50000,100.00%,27379,705.92%,4,80.0,$28.24,BOS 2,PHX 2,user12,1,marvalshot,17875,4649272437_12
Brandin Podziemski (37770175),Payton Pritchard (37770208),LeBron James (37770008),Karlo Matkovic (37770342),Kelly Olynyk (37770294),Ja Morant (37770078),Vince Williams Jr. (37770467),Alperen Sengun (37770052),276.18999999999994,372.8299999999999,50000,100.00%,29998,6192.45%,154,80.0,$247.7,NOP 2,MEM 2,user8,1,marvalshot,17900,4649272438_8
Stephen Curry (37770033),RJ Barrett (37770118),Zion Williamson (37770048),Sam Hauser (37770402),Neemias Queta (37770755),Damion Baugh (37770458),Bradley Beal (37770150),Alperen Sengun (37770052),270.94,365.96,49900,100.00%,25454,449.95%,2,80.0,$18.0,BOS 2,GSW 1,user26,30,marvalshot,2308,4649272439_26
Damion Baugh (37770458),Bradley Beal (37770150),Zion Williamson (37770048),LeBron James (37770008),Sandro Mamukelashvili (37770382),Stephen Curry (37770033),Karlo Matkovic (37770342),Kelly Olynyk (37770294),269.37,367.21999999999997,50000,100.00%,20153,360.28%,0,80.0,$14.41,NOP 3,CHA 1,user20,1,marvalshot,17941,4649272440_20
CJ McCollum (37770108),Desmond Bane (37770125),Jaylen Brown (37770094),Santi Aldama (37770228),Kristaps Porzingis (37770106),Jalen Green (37770115),Vince Williams Jr. (37770467),Karlo Matkovic (37770342),271.48999999999995,356.36999999999995,50000,100.00%,26737,866.94%,9,80.0,$34.68,MEM 3,NOP 2,user16,1,marvalshot,17966,4649272441_16
Cole Anthony (37770201),Jaylen Brown (37770094),Bradley Beal (37770150),Tari Eason (37770190),Neemias Queta (37770755),Stephen Curry (37770033),Karlo Matkovic (37770342),Alperen Sengun (37770052),271.8,361.0,49500,100.00%,27661,681.68%,4,80.0,$27.27,BOS 2,HOU 2,user7,1,marvalshot,17986,4649272442_7
Devin Booker (37770025),De'Aaron Fox (37770044),Jimmy Butler (37770090),Chris Boucher (37770396),Mason Plumlee (37770485),Damion Baugh (37770458),Paolo Banchero (37770063),Wendell Carter Jr. (37770226),262.25,350.85,50000,100.00%,463,274.23%,0,80.0,$10.97,PHX 2,ORL 2,user3,1,marvalshot,18011,4649272443_3
Damion Baugh (37770458),Vince Williams Jr. (37770467),LeBron James (37770008),Royce O'Neale (37770275),Neemias Queta (37770755),Stephen Curry (37770033),Jaren Jackson Jr. (37770099),Alperen Sengun (37770052),272.86,370.07000000000005,50000,100.00%,29206,780.78%,8,80.0,$31.23,MEM 2,CHA 1,user26,24,marvalshot,18043,4649272444_26
Payton Pritchard (37770208),Desmond Bane (37770125),Sam Hauser (37770402),Tari Eason (37770190),Alperen Sengun (37770052),Stephen Curry (37770033),Kelly Olynyk (37770294),Bradley Beal (37770150),274.19,362.83,50000,100.00%,29654,1345.97%,55,80.0,$53.84,BOS 2,HOU 2,user26,24,marvalshot,18049,4649272445_26
De'Aaron Fox (37770044),Desmond Bane (37770125),Vince Williams Jr. (37770467),Chris Boucher (37770396),Mason Plumlee (37770485),Brandin Podziemski (37770175),Zion Williamson (37770048),Alperen Sengun (37770052),269.06,370.25,49800,100.00%,18474,368.15%,0,80.0,$14.73,MEM 2,SAS 1,user25,1,marvalshot,17858,4649272436_25
Stephen Curry (37770033),Payton Pritchard (37770208),Sam Hauser (37770402),Chris Boucher (37770396),Zach Edey (37770302),Brandin Podziemski (37770175),Jaren Jackson Jr. (37770099),LeBron James (37770008),271.65999999999997,366.17999999999995,50000,100.00%,27017,675.86%,3,80.0,$27.03,GSW 2,BOS 2,user13,1,marvalshot,17876,4649272437_13
Stephen Curry (37770033),Payton Pritchard (37770208),LeBron James (37770008),Kelly Olynyk (37770294),Wendell Carter Jr. (37770226),Vince Williams Jr. (37770467),Karlo Matkovic (37770342),Alperen Sengun (37770052),275.94,372.82,49900,100.00%,29981,5940.84%,194,80.0,$237.63,NOP 2,GSW 1,user23,1,marvalshot,17915,4649272438_23
Stephen Curry (37770033),RJ Barrett (37770118),Zion Williamson (37770048),Sam Hauser (37770402),Neemias Queta (37770755),Damion Baugh (37770458),Bradley Beal (37770150),Alperen Sengun (37770052),270.94,365.96,49900,100.00%,25454,449.95%,2,80.0,$18.0,BOS 2,GSW 1,user27,30,marvalshot,2308,4649272439_27
Ja Morant (37770078),Damion Baugh (37770458),Bradley Beal (37770150),Kelly Olynyk (37770294),Jaren Jackson Jr. (37770099),Jose Alvarado (37770193),Tari Eason (37770190),Alperen Sengun (37770052),269.28999999999996,361.76,49900,100.00%,19674,360.15%,0,80.0,$14.41,MEM 2,NOP 2,user9,1,marvalshot,17930,4649272440_9
Ty Jerome (37770281),Vince Williams Jr. (37770467),Jaylen Brown (37770094),Santi Aldama (37770228),Kristaps Porzingis (37770106),Damion Baugh (37770458),Kevin Durant (37770029),Alperen Sengun (37770052),271.51,361.56,49600,100.00%,27102,835.05%,19,80.0,$33.4,MEM 2,BOS 2,user14,1,marvalshot,17964,4649272441_14
Damion Baugh (37770458),Jaylen Brown (37770094),Vince Williams Jr. (37770467),LeBron James (37770008),Neemias Queta (37770755),Cole Anthony (37770201),Paolo Banchero (37770063),Alperen Sengun (37770052),271.64000000000004,365.97,50000,100.00%,27623,672.2%,4,80.0,$26.89,BOS 2,ORL 2,user26,1,marvalshot,18005,4649272442_26
Stephen Curry (37770033),Vince Williams Jr. (37770467),Royce O'Neale (37770275),Chris Boucher (37770396),Sandro Mamukelashvili (37770382),Luka Doncic (37770002),Evan Mobley (37770059),Tari Eason (37770190),262.21000000000004,359.11,49700,100.00%,458,273.87%,0,80.0,$10.95,GSW 1,MEM 1,user6,1,marvalshot,18014,4649272443_6
Damion Baugh (37770458),Vince Williams Jr. (37770467),LeBron James (37770008),Royce O'Neale (37770275),Neemias Queta (37770755),Stephen Curry (37770033),Jaren Jackson Jr. (37770099),Alperen Sengun (37770052),272.86,370.07000000000005,50000,100.00%,29206,780.78%,8,80.0,$31.23,MEM 2,CHA 1,user27,24,marvalshot,18043,4649272444_27
Payton Pritchard (37770208),Desmond Bane (37770125),Sam Hauser (37770402),Tari Eason (37770190),Alperen Sengun (37770052),Stephen Curry (37770033),Kelly Olynyk (37770294),Bradley Beal (37770150),274.19,362.83,50000,100.00%,29654,1345.97%,55,80.0,$53.84,BOS 2,HOU 2,user27,24,marvalshot,18049,4649272445_27
Donovan Mitchell (37770066),Desmond Bane (37770125),Jimmy Butler (37770090),Chris Boucher (37770396),Karlo Matkovic (37770342),Brandin Podziemski (37770175),Kelly Olynyk (37770294),Paolo Banchero (37770063),268.81,360.94,50000,100.00%,17359,365.53%,0,80.0,$14.62,GSW 2,NOP 2,user10,1,marvalshot,17839,4649272436_10
Damion Baugh (37770458),Payton Pritchard (37770208),Sam Hauser (37770402),Chris Boucher (37770396),Alperen Sengun (37770052),Luka Doncic (37770002),Santi Aldama (37770228),Zion Williamson (37770048),271.76,372.04999999999995,49300,100.00%,27744,667.54%,0,80.0,$26.7,BOS 2,CHA 1,user4,1,marvalshot,17867,4649272437_4
Brandin Podziemski (37770175),Payton Pritchard (37770208),Bradley Beal (37770150),Kelly Olynyk (37770294),Alperen Sengun (37770052),Ja Morant (37770078),Karlo Matkovic (37770342),Desmond Bane (37770125),275.95,365.21999999999997,49900,100.00%,29983,5528.85%,150,80.0,$221.15,NOP 2,MEM 2,user25,1,marvalshot,17917,4649272438_25
Stephen Curry (37770033),RJ Barrett (37770118),Zion Williamson (37770048),Sam Hauser (37770402),Neemias Queta (37770755),Damion Baugh (37770458),Bradley Beal (37770150),Alperen Sengun (37770052),270.94,365.96,49900,100.00%,25454,449.95%,2,80.0,$18.0,BOS 2,GSW 1,user28,30,marvalshot,2308,4649272439_28
CJ McCollum (37770108),Moses Moody (37770253),Zion Williamson (37770048),Olivier-Maxence Prosper (37770416),Alperen Sengun (37770052),Ja Morant (37770078),Kelly Olynyk (37770294),Karlo Matkovic (37770342),269.06,367.61,50000,100.00%,18701,359.26%,0,80.0,$14.37,NOP 4,GSW 1,user14,1,marvalshot,17935,4649272440_14
De'Aaron Fox (37770044),Vince Williams Jr. (37770467),Jaylen Brown (37770094),Royce O'Neale (37770275),Kristaps Porzingis (37770106),Damion Baugh (37770458),Santi Aldama (37770228),Alperen Sengun (37770052),271.4599999999999,360.0899999999999,49500,100.00%,26950,730.8%,5,80.0,$29.23,MEM 2,BOS 2,user29,1,marvalshot,17979,4649272441_29
Stephen Curry (37770033),Jaylen Brown (37770094),LeBron James (37770008),Karlo Matkovic (37770342),Neemias Queta (37770755),Ja Morant (37770078),Kelly Olynyk (37770294),Damion Baugh (37770458),271.37,364.83,49900,100.00%,26838,581.93%,0,80.0,$23.28,BOS 2,NOP 2,user8,1,marvalshot,17987,4649272442_8
Austin Reaves (37770083),Devin Booker (37770025),Vince Williams Jr. (37770467),Chris Boucher (37770396),Sandro Mamukelashvili (37770382),Donovan Mitchell (37770066),Jimmy Butler (37770090),Wendell Carter Jr. (37770226),262.02,353.49,49700,100.00%,350,273.64%,0,80.0,$10.95,LAL 1,PHX 1,user28,1,marvalshot,18036,4649272443_28
Damion Baugh (37770458),Vince Williams Jr. (37770467),LeBron James (37770008),Royce O'Neale (37770275),Neemias Queta (37770755),Stephen Curry (37770033),Jaren Jackson Jr. (37770099),Alperen Sengun (37770052),272.86,370.07000000000005,50000,100.00%,29206,780.78%,8,80.0,$31.23,MEM 2,CHA 1,user28,24,marvalshot,18043,4649272444_28
Payton Pritchard (37770208),Desmond Bane (37770125),Sam Hauser (37770402),Tari Eason (37770190),Alperen Sengun (37770052),Stephen Curry (37770033),Kelly Olynyk (37770294),Bradley Beal (37770150),274.19,362.83,50000,100.00%,29654,1345.97%,55,80.0,$53.84,BOS 2,HOU 2,user28,24,marvalshot,18049,4649272445_28
Donovan Mitchell (37770066),Damion Baugh (37770458),Dante Exum (37770375),Chris Boucher (37770396),Jaren Jackson Jr. (37770099),Stephen Curry (37770033),Santi Aldama (37770228),Alperen Sengun (37770052),268.9,366.56999999999994,50000,100.00%,17887,346.52%,0,80.0,$13.86,MEM 2,CLE 1,user4,1,marvalshot,17829,4649272436_4
Devin Booker (37770025),Payton Pritchard (37770208),Sam Hauser (37770402),Chris Boucher (37770396),Alperen Sengun (37770052),Damion Baugh (37770458),Bradley Beal (37770150),Zion Williamson (37770048),271.71,363.53,49100,100.00%,27838,597.84%,0,80.0,$23.91,PHX 2,BOS 2,user21,1,marvalshot,17884,4649272437_21
Brandin Podziemski (37770175),Payton Pritchard (37770208),Vince Williams Jr. (37770467),LeBron James (37770008),Alperen Sengun (37770052),Stephen Curry (37770033),Karlo Matkovic (37770342),Damion Baugh (37770458),276.18,370.01,49800,100.00%,29994,5375.78%,78,80.0,$215.03,GSW 2,BOS 1,user5,1,marvalshot,17897,4649272438_5
Stephen Curry (37770033),RJ Barrett (37770118),Zion Williamson (37770048),Sam Hauser (37770402),Neemias Queta (37770755),Damion Baugh (37770458),Bradley Beal (37770150),Alperen Sengun (37770052),270.94,365.96,49900,100.00%,25454,449.95%,2,80.0,$18.0,BOS 2,GSW 1,user29,30,marvalshot,2308,4649272439_29
Donovan Mitchell (37770066),Desmond Bane (37770125),Vince Williams Jr. (37770467),Kyle Kuzma (37770128),Alperen Sengun (37770052),Damion Baugh (37770458),Jaren Jackson Jr. (37770099),Karlo Matkovic (37770342),269.24,360.37,49900,100.00%,19776,353.52%,0,80.0,$14.14,MEM 3,CLE 1,user5,1,marvalshot,17926,4649272440_5
Stephen Curry (37770033),Damion Baugh (37770458),Jaylen Brown (37770094),Sandro Mamukelashvili (37770382),Kristaps Porzingis (37770106),Vince Williams Jr. (37770467),LeBron James (37770008),Kelly Olynyk (37770294),271.48999999999995,365.54999999999995,49700,100.00%,26980,720.14%,3,80.0,$28.81,BOS 2,GSW 1,user25,1,marvalshot,17975,4649272441_25
Donovan Mitchell (37770066),Jaylen Brown (37770094),Vince Williams Jr. (37770467),LeBron James (37770008),Neemias Queta (37770755),Damion Baugh (37770458),Santi Aldama (37770228),Alperen Sengun (37770052),271.34,367.46999999999997,49700,100.00%,27117,570.0%,0,80.0,$22.8,BOS 2,MEM 2,user28,1,marvalshot,18007,4649272442_28
Donovan Mitchell (37770066),Damion Baugh (37770458),Zion Williamson (37770048),Chris Boucher (37770396),Sandro Mamukelashvili (37770382),Jalen Green (37770115),Brandon Clarke (37770406),Luka Doncic (37770002),261.9,363.78999999999996,50000,100.00%,308,273.05%,0,80.0,$10.92,CLE 1,CHA 1,user,1,marvalshot,13233,4649272443
Damion Baugh (37770458),Vince Williams Jr. (37770467),LeBron James (37770008),Royce O'Neale (37770275),Neemias Queta (37770755),Stephen Curry (37770033),Jaren Jackson Jr. (37770099),Alperen Sengun (37770052),272.86,370.07000000000005,50000,100.00%,29206,780.78%,8,80.0,$31.23,MEM 2,CHA 1,user29,24,marvalshot,18043,4649272444_29
Payton Pritchard (37770208),Desmond Bane (37770125),Sam Hauser (37770402),Tari Eason (37770190),Alperen Sengun (37770052),Stephen Curry (37770033),Kelly Olynyk (37770294),Bradley Beal (37770150),274.19,362.83,50000,100.00%,29654,1345.97%,55,80.0,$53.84,BOS 2,HOU 2,user29,24,marvalshot,18049,4649272445_29
